Trip code,Lance #,mammal code,Lights,Animal code,Latitude,Longitude,Species,Condition,State,Length,Sex,Young - length,Young - sex,Use,Sample?,Photo #s,Comments,photo link,photo link 2
117,1,343,,pdm-974,18'07.500,73'21.000,1,2,2,190.00,,,,,TRUE,"4,5,6,7,8","Cayo en la red de lastre aprox a 100m, esta red se fondea cuando hay mucho viento.Dientes SI 44, SD 45/ II:48, ID: 47 hocico 12.9cm",TC117-12-pdm974 (Common dolphin),
165,2,196,,gvh-,,,1,2,2,170.00,,,,,TRUE,,Bycatch,,
165,2,197,,gvh-,,,1,2,2,173.00,,,,,TRUE,,Bycatch,,
165,3,198,,gvh-,,,1,2,2,,,,,,TRUE,,Bycatch,,
165,3,200,,gvh-,,,2,2,2,88.00,,,,,TRUE,,"Cria; no mammal data sheet for this trip, length come from sample bag",TC165-03-MC200  pspi foetus,
165,3,265,,gvh,,,2,2,2,175.00,2,,,,TRUE,,"Mama; no mammal data sheet for this trip, length comes from sample bag",TC165-03-MC265 pspi mom,
169,1,201,,gvh,,,1,2,2,,,,,,FALSE,,,,
169,1,202,,gvh,,,1,2,2,,,,,,FALSE,,,,
169,1,203,,gvh,,,1,2,2,,,,,,FALSE,,,,
169,4,204,,gvh,,,1,2,2,,,,,,TRUE,,,,
169,4,205,,gvh,,,1,2,2,,,,,,TRUE,,,,
169,4,206,,gvh,,,1,2,2,250.00,,,,,TRUE,,,,
169,5,207,,gvh,,,1,2,2,,2,,,,TRUE,,,,
169,5,208,,gvh,,,1,2,2,,,,,,TRUE,,Cria,,
169,6,209,,gvh,,,1,2,2,,,,,,FALSE,,,,
172,1,212,,gvh,,,1,2,2,239.00,,,,,TRUE,,Dientes de la Mand. Superior: 46 y de la inferior: 49,TC172-01-MC212 dcap,
172,1,213,,gvh,,,3,2,2,195.00,,,,,TRUE,,Dientes de la mandíbula superior e inferior: 28,,
172,5,210,,gvh,,,7,2,2,221.00,2,,,,TRUE,1,Cachalotillo mama,,
172,5,211,,gvh,,,7,2,2,,,,,,TRUE,1,Cachalotillo cria,,
175,1,214,,gvh,,,1,2,2,246.00,2,,,,TRUE,,"Muestra: musculo, dentadura: 43/47",,
177,1,216,,gvh,,,4,2,2,,,,,,TRUE,"26,27",,,
177,5,217,,gvh,,,1,2,2,212.00,,,,,TRUE,,Dientes: 44/44,,
177,5,218,,gvh,,,1,2,2,212.00,,,,,TRUE,,Dientes: 49/55,,
177,8,215,,gvh,,,1,1,1,234.00,,,,,TRUE,9,Dientes: 43/43. Arponeado de regreso a puerto.,,
177,8,219,,gvh,,,4,,,350.00,,,,,TRUE,8,"Foto: comparacion de la cola de bufeo con la del delfin arponeado, cola 76 cm",,
181,1,220,,gvh,,,1,2,2,,,,,1,FALSE,,,,
181,1,221,,gvh,,,1,2,2,210.00,,,,1,FALSE,,Dientes:  43/43,,
181,1,222,,gvh,,,1,2,2,242.00,,,,1,FALSE,,Dientes:  42/44,,
181,1,223,,gvh,,,1,2,2,192.00,,,,1,FALSE,,Dientes:  45/47,,
181,1,224,,gvh,,,1,2,2,137.00,,,,1,FALSE,,,,
181,1,225,,gvh,,,1,2,2,96.00,,,,1,FALSE,,Dientes: 47/47,,
181,2,226,,gvh,,,1,2,2,213.00,,,,1,FALSE,,Dientes: 46/49,,
181,2,227,,gvh,,,1,2,2,,,,,1,FALSE,,,,
181,2,228,,gvh,,,1,2,2,250.00,,,,1,FALSE,,,,
181,2,229,,gvh,,,1,2,2,217.00,,,,1,FALSE,,Dientes:  50/48,,
181,2,230,,gvh,,,1,2,2,198.00,,,,1,FALSE,,,,
181,3,231,,gvh,,,4,2,2,,,,,1,FALSE,,,TC181-03-MC232  tursiops truncatus,
181,3,232,,gvh,,,4,2,2,,,,,1,FALSE,,,TC181-03-MC232  tursiops truncatus,
186,1,233,,gvh,,,2,1,2,,,,,5,FALSE,,Liberado vivo en  buenas condiciones,,
186,1,234,,gvh,,,2,1,2,,,,,5,FALSE,,Liberado vivo en  buenas condiciones,,
186,1,235,,gvh,,,2,2,2,,,,,6,TRUE,,,,
186,3,236,,gvh,,,2,2,2,140.00,,,,,TRUE,,Dientes: 18/20.,,
186,3,237,,gvh,,,1,2,2,232.00,,,,,TRUE,,,,
186,9,238,,gvh,,,1,2,2,,,,,6,TRUE,,No se pudo subir a la embarcacion.,,
187,1,268,,,,,2,,2,,,,,,FALSE,,Se enmallo un tonino,,
187,3,269,,gvh,,,8,1,2,,,,,6,FALSE,,"Lobo marino enmallado vivo, se le mato",,
187,3,270,,,,,3,2,2,,,,,,FALSE,,,,
187,3,271,,,,,3,2,2,,,,,,FALSE,,,,
187,4,272,,,,,3,,2,,,,,,FALSE,,,,
187,7,273,,,,,6,,2,,,,,,FALSE,,"""Delfin""",,
187,7,274,,,,,6,,2,,,,,,FALSE,,"""Delfin""",,
187,8,275,,,,,2,,2,,,,,,FALSE,,,,
187,8,276,,,,,2,,2,,,,,,FALSE,,,,
187,8,277,,,,,2,,2,,,,,,FALSE,,,,
187,8,278,,,,,2,,2,,,,,,FALSE,,,,
188,1,239,,gvh,,,1,2,2,,,,,,TRUE,,,,
188,1,240,,gvh,,,2,2,2,186.00,,,,,TRUE,11,Dientes: 16/17.,,
188,2,241,,gvh,,,1,2,2,186.00,,,,,TRUE,,Dientes: 47/47,"TC188-02-MC241, MC243 capensis and obscurus",
188,2,242,,gvh,,,3,2,2,196.00,,,,,TRUE,,Dientes: 29/28,TC188-02-MC242 (Turtle is GVH757),
188,2,243,,gvh,,,3,2,2,195.00,,,,,TRUE,8,Dientes: 30/30,"TC188-02-MC241, MC243 capensis and obscurus",
188,2,244,,gvh,,,3,2,2,193.00,,,,,TRUE,,Dientes: 29/29,,
188,4,245,,gvh,,,5,1,5,,,,,,FALSE,"3,4",Avistada: ballena de Bryde,TC188-04-MC245 bryde or seiwhale,
189,1,248,,gvh,,,3,2,2,180.00,,,,1,TRUE,,Dientes:  30/28,,
189,1,249,,gvh,,,3,2,2,,,,,1,TRUE,,,,
189,1,250,,gvh,,,3,2,2,,,,,1,TRUE,,,,
189,1,251,,gvh,,,4,2,2,,,,,1,TRUE,,,,
189,1,252,,gvh,,,4,2,2,180.00,,,,1,TRUE,,Dientes: 21/19,,
189,1,253,,gvh,,,3,2,2,189.00,,,,1,TRUE,,Dientes: 28/29,,
189,1,254,,gvh,,,4,2,2,,,,,1,TRUE,,,,
189,1,255,,gvh,,,3,2,2,,,,,1,TRUE,,,,
189,1,256,,gvh,,,3,2,2,197.00,,,,1,TRUE,,Dientes:  28/30,,
189,5,246,,gvh,,,,,,,,,,,FALSE,,,,
189,9,247,,gvh,,,2,2,2,136.00,,,,1,TRUE,,Dientes:  20/17,,
191,1,258,,gvh,,,3,2,1,,,,,2,FALSE,,,,
191,1,347,,gvh,,,3,2,1,,,,,2,FALSE,,,,
191,1,348,,gvh,,,3,2,1,,,,,2,FALSE,,,,
191,1,349,,gvh,,,3,2,1,,,,,2,FALSE,,,,
191,1,350,,gvh,,,3,2,1,,,,,2,FALSE,,,,
191,1,351,,gvh,,,3,2,1,,,,,2,FALSE,,,,
191,1,352,,gvh,,,3,2,5,,,,,2,FALSE,,Comprado de otra embarcacion,,
191,1,353,,gvh,,,3,2,5,,,,,2,FALSE,,Comprado de otra embarcacion,,
191,1,354,,gvh,,,3,2,1,,,,,2,FALSE,,Comprado de otra embarcacion,,
191,1,355,,gvh,,,3,2,1,,,,,2,FALSE,,Comprado de otra embarcacion,,
191,2,257,,gvh,,,3,1,2,,,,,2,TRUE,"18,19,20,21",Se enredo de la cola un delfin de altura de gran tamano y de color marron claro.,TC191-02-MC257 L.obscurus,
191,2,259,,gvh,,,6,1,1,,,,,2,TRUE,,delfin,,
191,2,260,,gvh,,,6,1,1,,,,,2,FALSE,,delfin,,
191,2,261,,gvh,,,6,1,1,,,,,2,FALSE,,delfin,,
191,2,262,,gvh,,,6,1,1,,,,,2,FALSE,,delfin,,
191,2,263,,gvh,,,6,1,1,,,,,2,FALSE,,delfin,,
191,2,264,,gvh,,,6,1,1,,,,,2,FALSE,,delfin,,
196,1,3,,gvh-952,,,1,1,1,207.00,2,,,1,TRUE,27,"Capturado antes del primer lance, 27/09/2005",TC196-01-MC03 D.capensis,
196,1,4,,gvh-953,,,1,,2,185.00,1,,,1,TRUE,26,"Capturado antes del primer lance, 27/09/2005",,
196,1,5,,gvh-954,,,1,,2,210.00,2,,,1,TRUE,25,"Capturado antes del primer lance, 27/09/2005",,
196,1,6,,gvh-955,,,1,,2,206.00,2,,,1,TRUE,25,"Capturado antes del primer lance, 27/09/2005",,
196,1,7,,gvh-959,,,1,2,2,132.00,1,,,1,TRUE,24,,TC196-01-MC07 lobsc male,
196,4,8,,gvh-967,,,3,2,2,160.00,2,,,1,TRUE,18,,"TC196-04-MC08 lobs, female",
196,4,9,,gvh-968,,,3,2,2,181.00,2,,,1,TRUE,18,,,
196,4,10,,gvh-969,,,3,2,2,168.00,2,,,1,TRUE,17,,,
196,4,11,,gvh-970,,,3,2,2,178.00,2,,,1,TRUE,16,,,
196,4,12,,gvh-971,,,3,2,2,157.00,1,,,1,TRUE,14,,,
196,4,13,,gvh-972,,,3,2,2,165.00,1,,,1,TRUE,13,,,
196,4,14,,gvh-973,,,3,2,2,180.00,1,,,1,TRUE,12,,,
196,5,15,,gvh-975,,,3,2,2,179.00,2,,,1,TRUE,11,Con 1 cría.,TC196-05-MC15 or MC16 obscurus,
196,5,16,,gvh-976,,,3,2,2,180.00,2,,,1,TRUE,8,,TC196-05-MC15 or MC16 obscurus,
196,5,17,,gvh-977,,,3,2,2,196.00,2,,,1,TRUE,7,Con 1 cría,TC196-05-MC17 foetusobs,
196,5,18,,gvh-978,,,3,2,2,183.00,2,,,1,TRUE,5,,,
196,5,19,,gvh-979,,,3,2,2,182.00,2,,,1,TRUE,4,,,
196,5,20,,gvh-980,,,3,1,2,,2,,,5,FALSE,1,,TC196-05-MC20 obscurus,
222,8,266,,gvh-1064a,,,1,2,2,208.00,2,,,1,TRUE,"20,21",,TC222-08-MC266 dcap,
225,5,169,,gvh-1100,,,1,2,2,,1,,,8,TRUE,24,,,
233,1,33,,gvh-1335,,,1,2,2,213.00,1,,,6,TRUE,9,,,
233,4,279,,,,,8,2,2,,2,,,,FALSE,,se amallo un lobo (hembra) y se ahogo,,
233,7,34,,gvh-1336,,,1,2,2,174.00,1,,,6,TRUE,,Los Locos se enmallan en las noches al no observar la red. El chancho es usado como carnada cuando hay presencia de tiburón azul.,,
233,7,35,,gvh-1337,,,1,2,2,,,,,6,TRUE,,"No se subió a la embarcación, se cortó la cola y se soltó al mar.",,
233,8,280,,,,,8,1,2,,2,,,6,FALSE,,Se amallo un lobo (female) que estaba vivo luego fue ahogado para poder retirarlo de la malla,,
234,3,23,,ass-A16,,,2,2,2,126.00,1,,,8,TRUE,20-21,Uso: para comer en la casa.,TC234-03-MC23 pspi,
235,7,24,,gvh-1397,,,1,2,2,208.00,1,,,6,TRUE,25-24,,TC235-07-MC24 dcap,
235,7,25,,gvh-1398,,,1,2,2,197.00,,,,6,TRUE,23,,TC235-07-MC25 dcap,
235,7,26,,gvh-1399,,,1,2,2,200.00,1,,,6,TRUE,22,,,
235,7,27,,gvh-1400,,,1,1,2,225.00,1,,,5,TRUE,21-20,,,
235,7,28,,gvh-1401,,,1,2,2,197.00,2,,,6,TRUE,19,,,
235,7,29,,gvh-1402,,,1,2,2,,1,,,6,TRUE,18,,,
235,8,30,,gvh-1415,,,1,2,2,149.00,1,,,6,TRUE,13,,TC235-08-MC30 d. cap,
235,8,31,,gvh-1416,,,1,2,2,203.00,1,,,6,TRUE,12,,,
235,10,32,,gvh-1428,,,2,2,2,162.00,1,,,8,TRUE,9-4-3,Uso: Para comer en casa.,TC235-10-MC32,
239,2,37,,gvh-1431,,,1,2,2,200.00,1,,,6,TRUE,25,,,
239,2,38,,gvh-1432,,,1,2,2,221.00,1,,,6,TRUE,24,,,
239,4,39,,gvh-1443,,,4,2,2,178.00,2,,,6,TRUE,21,,,
239,4,40,,gvh-1444,,,4,2,2,,1,,,6,FALSE,23 - 22,Por su gran tamaño y peso no se subio a bordo ni se tomo muestra.,,
239,9,41,,gvh-1498,,,4,2,2,,1,,,6,TRUE,10-11-12,Tenia una long aprox de 230 cm.,,
240,1,42,,gvh-1552,,,1,2,2,178.00,2,,,6,TRUE,,,,
240,3,43,,gvh-1520,,,2,2,2,145.00,1,,,8,TRUE,8,,,
241,1,44,,ass-14,07´46.887,80´05.018,1,2,2,242.00,1,,,6,TRUE,,,TC241-01-MC44 dcap,
241,1,45,,ass-15,07´46.887,80´05.018,1,2,2,176.00,2,,,6,TRUE,,,,
241,1,46,,ass-16,07´46.887,80´05.018,1,2,2,217.00,2,,,6,TRUE,,,,
241,2,47,,ass-20,07´48.087,80´06.755,1,2,2,222.00,1,,,6,TRUE,,,,
241,2,48,,ass-21,07´48.087,80´06.755,1,2,2,196.00,2,,,6,TRUE,,,,
241,2,49,,ass-22,07´48.087,80´06.755,1,2,2,215.00,2,,,6,TRUE,,,,
241,2,50,,ass-23,07´48.087,80´06.755,1,2,2,228.00,2,,,6,TRUE,,,,
241,2,53,,ass-,,,9,2,2,,,,,6,TRUE,,"Species=Grampus; Se enmallo ""cachalotillo""; se tomo foto, no se pudo subir a bordo.",TC241-02-MC53 Grampus,
241,3,51,,ass-29,08´08.082,79´57.503,1,2,2,231.00,1,,,6,TRUE,,,,
241,3,52,,ass-30,08´08.082,79´57.503,1,2,2,210.00,1,,,6,TRUE,,,,
242,2,54,,gvh-1573,08´25.837,79´57.738,3,2,2,90.00,2,,,6,TRUE,,"Fue un ejemplar muy pequeño, aún no poseía dientes.",,
242,3,55,,gvh-1584,08´22.000,79´47.000,1,2,2,200.00,2,,,6,TRUE,,,,
242,3,56,,gvh-1585,08´22.000,79´47.000,1,2,2,216.00,1,,,6,TRUE,,,,
242,3,57,,gvh-1586,08´23.000,79´47.000,1,2,2,222.00,1,,,6,TRUE,,,,
242,5,58,,gvh-1590,08´25.057,79´34.510,3,2,2,191.00,2,,,6,TRUE,,,,
243,1,61,,gvh-1601,08´56.000,79´39.000,1,2,2,167.00,1,,,6,TRUE,26,,TC243-01-MC61 dcap,
243,1,62,,gvh-1602,08´56.000,79´39.000,3,2,2,,2,,,6,TRUE,,Madre de gvh-1603,,
243,1,63,,gvh-1603,08´56.000,79´39.000,3,2,2,100.00,2,,,6,TRUE,25,"No tenía dientes, aún se amamantaba",TC243-01-MC63 young L.obsc,
243,2,65,,gvh-1614,09´04.000,79´45.000,4,2,2,,,,,6,TRUE,22,,,
243,3,66,,gvh-1627,09´00.000,79´41.000,1,2,2,201.00,1,,,6,TRUE,17,Sample missing,TC243-03-MC66,
243,5,67,,gvh-1648,09´02.000,79´41.000,1,2,2,,,,,6,TRUE,,,,
243,6,68,,gvh-1659,09´10.000,79´47.000,4,2,2,,,,,6,TRUE,,,,
243,7,69,,gvh-1670,09´05.000,79´46.000,4,1,2,,,,,5,FALSE,11,,,
243,7,70,,gvh-1671,09´05.000,79´47.000,4,2,2,,,,,6,TRUE,10,,,
243,7,71,,gvh-1672,09´05.000,79´47.000,4,2,2,220.00,1,,,6,TRUE,9-8,,,
243,7,72,,gvh-1673,09´05.000,79´47.000,4,2,2,,,,,6,TRUE,,,,
243,9,73,,gvh-1689,08´35.000,79´44.000,3,2,2,154.00,1,,,9,TRUE,6,El bufeo fue regalado para usarse como carnada en redes,,
243,9,74,,gvh-1690,08´34.000,79´44.000,3,2,2,200.00,2,,,9,TRUE,5,El bufeo fue regalado para usarse como carnada en redes,TC243-09-MC74 L.obsc,
244,1,156,,ass-52,08'21.100,79'22.768,1,2,2,210.00,1,,,6,TRUE,2,Sample missing,,
244,1,157,,ass-53,08'21.100,79'22.768,1,2,2,206.00,1,,,6,TRUE,3,Sample missing,,
244,1,158,,ass-54,08'21.100,79'22.768,1,2,2,218.00,1,,,6,TRUE,4,Sample missing,,
244,4,159,,ass-55,08'17.833,79'24.880,1,2,2,242.00,2,,,6,TRUE,5,Sample missing,,
244,5,160,,,08'36.833,79'26.045,1,1,5,,,,,,FALSE,,Manada de locos avistados,,
246,5,75,,gvh-1694,08´14.000,79´20.000,1,2,2,225.00,1,,,6,TRUE,23-22,,TC246-05-MC75 D.cap,
246,6,76,,gvh-1705,08´31.000,79´35.000,1,2,2,195.00,1,,,6,TRUE,16,,,
246,8,77,,gvh-1727,08´25.000,79´33.000,3,2,2,186.00,1,,,6,TRUE,14,,,
246,8,78,,gvh-1728,08´25.000,79´33.000,4,2,2,183.00,,,,6,TRUE,13,,,
247,1,79,,gvh-1743,08´12.000,79´52.000,1,2,2,240.00,1,,,6,TRUE,,,,
247,4,81,,gvh-1773,08´19.000,80´07.000,1,2,2,,,,,6,TRUE,,,,
247,7,82,,gvh-1797,07´53.000,80´07.000,1,2,2,220.00,1,,,4,TRUE,,,,
247,7,83,,gvh-1798,07´53.000,80´09.000,1,2,2,,,,,6,TRUE,,,,
247,7,84,,gvh-1799,07´53.000,80´09.000,1,2,2,225.00,2,,,4,TRUE,6,,,
247,7,85,,gvh-1800,07´53.000,80´09.000,1,2,2,206.00,1,,,4,TRUE,,,,
247,7,86,,gvh-1801,07´53.000,80´09.000,1,2,2,236.00,1,,,4,TRUE,5,,TC247-07-MC86,
247,8,88,,gvh-1809,07´52.000,80´05.000,1,2,2,175.00,1,,,4,TRUE,4,,TC247-08-MC88 D.cap,
247,8,89,,gvh-1810,07´52.000,80´05.000,1,2,2,172.00,2,,,4,TRUE,1,,,
247,8,90,,gvh-1811,07´52.000,80´05.000,1,2,2,191.00,1,,,4,TRUE,1,,,
247,8,91,,gvh-1812,07´52.000,80´05.000,1,2,2,215.00,2,,,4,TRUE,1,,,
247,9,92,,gvh-1818,08´17.000,79´23.000,1,2,2,205.00,1,,,4,TRUE,,,,
247,10,93,,gvh-1827,08´25.000,79´15.000,1,2,2,195.00,2,,,4,TRUE,,,,
247,10,94,,gvh-1828,08´25.000,79´15.000,1,2,2,175.00,1,,,8,TRUE,,,,
247,11,95,,gvh-1835,08´17.000,79´15.000,1,2,2,220.00,1,,,8,TRUE,,,,
254,2,97,,gvh-1850,11´08.000,78´06.000,3,2,2,183.00,2,,,1,TRUE,25,,,
254,4,98,,gvh-1868,11´10.000,78´09.000,4,2,2,196.00,1,,,1,TRUE,20,,,
254,4,99,,gvh-1869,11´11.000,78´09.000,4,2,2,210.00,1,,,1,TRUE,19,,TC254-4-gvh1869 (deformed tursiops),
254,4,100,,gvh-1870,11´11.000,78´09.000,4,2,2,162.00,1,,,1,TRUE,18,,,
254,4,101,,gvh-1871,11´11.000,78´09.000,4,2,2,199.00,1,,,1,TRUE,18,,,
254,8,102,,gvh-1902,11´02.000,78´02.000,3,2,2,180.00,1,,,2,TRUE,13,Usando para ser usado como carnada en una próxima salida,,
254,8,103,,gvh-1903,11´02.000,78´02.000,3,2,2,185.00,1,,,2,TRUE,12,Usando para ser usado como carnada en una próxima salida,,
255,1,104,,mgv-01,07´50.261,79´44.723,3,1,1,222.00,1,,,2,TRUE,,,,
255,1,105,,mgv-02,07´50.261,79´44.723,3,1,1,232.00,2,,,2,TRUE,,,,
255,1,106,,mgv-03,07'50.261,79'44.723,3,1,1,223.00,1,,,2,TRUE,,,,
255,1,107,,mgv-04,07´50.261,79´44.723,3,1,1,216.00,2,,,2,TRUE,,,,
255,1,108,,mgv-05,07´50.261,79´44.723,3,1,1,213.00,1,,,2,TRUE,,,,
255,1,109,,mgv-06,07´50.261,79´44.723,3,1,1,193.00,1,,,2,TRUE,23,,,
255,1,110,,mgv-07,07´50.261,79´44.723,3,1,1,216.00,2,,,2,TRUE,25,,,
255,1,111,,mgv-08,07´50.261,72´44.723,3,1,1,186.00,1,,,2,TRUE,,,,
262,1,114,,,,,,,,,,,,,FALSE,,Se observaron aprox:  20 locos,,
262,3,113,,ass-76,08´16.960,79´19.075,1,2,2,205.00,1,,,6,TRUE,A,,,
262,3,115,,ass-81,08´16.960,79´19.075,1,2,2,190.00,2,,,6,TRUE,A,,,
262,4,112,,,,,,,,,,,,,FALSE,,,,
262,5,117,,ass-85,08´18.556,79´15.275,1,2,2,203.00,1,,,6,TRUE,B,,,
263,1,118,,gvh-1917,09´28.000,79´00.000,4,1,1,205.00,2,,,1,TRUE,,Algunas embarcaciones calan cerca de zonas con presencia de chanchos.,,
263,2,119,,gvh-1923,09´39.000,78´53.000,4,1,1,284.00,2,,,1,TRUE,"8, 7",,TC263-02-mc119,
263,4,120,,gvh-1929,09´52.000,78´37.000,4,1,1,258.00,2,,,1,TRUE,4,,,
264,3,121,,gvh-1984,10´52.000,77´49.000,3,2,2,191.00,1,,,1,TRUE,15,,,
264,4,122,,gvh-1998,10´41.000,77´51.000,3,2,2,192.00,2,,,1,TRUE,9,,,
264,4,123,,gvh-1999,10´40.000,77´52.000,3,2,2,187.00,2,,,1,TRUE,8,,,
264,6,124,,gvh-2017,09´44.000,78´43.000,3,2,2,,,,,6,TRUE,,"No se pudo subir al bote, se desmallaron en el agua, no se pudo medir ni sexar.",,
264,6,125,,gvh-2018,09´44.000,78´43.000,3,2,2,,,,,6,TRUE,,"No se pudo subir al bote, se desmallaron en el agua, no se pudo medir ni sexar.",,
264,6,126,,gvh-2019,09´44.000,78´43.000,3,2,2,,2,,,6,TRUE,,"No se pudo subir al bote, se desmallaron en el agua, no se pudo medir.",,
264,6,127,,gvh-2020,09´44.000,78´43.000,3,2,2,200.00,1,,,6,TRUE,6,,,
264,6,128,,gvh-2021,09´44.000,78´43.000,3,2,2,191.00,2,,,6,TRUE,,,,
264,6,129,,gvh-2022,09´44.000,78´43.000,3,2,2,182.00,1,,,6,TRUE,5,,,
264,6,130,,gvh-2023,09´44.000,78´43.000,3,2,2,181.00,1,,,6,TRUE,5,,,
264,6,131,,gvh-2024,09´44.000,78´43.000,3,2,2,214.00,1,,,6,TRUE,,Al finalizar el recojo de este lance se observo una manada de 300 locos.,,
264,7,135,,gvh-2026,09´35.000,78´32.000,1,2,2,196.00,2,,,8,TRUE,4,,,
264,7,136,,gvh-2027,09´35.000,78´32.000,1,2,2,219.00,1,,,8,TRUE,3,,,
264,7,137,,gvh-2028,09´35.000,78´32.000,1,2,2,213.00,1,,,6,TRUE,2,,,
269,3,138,,gvh-2052,08´29.000,79´30.000,1,2,2,186.00,1,,,6,TRUE,,,,
269,3,139,,gvh-2053,08´29.000,79´30.000,1,2,2,148.00,2,,,1,TRUE,27,,,
269,3,140,,gvh-2054,08´29.000,79´30.000,1,2,2,207.00,2,,,6,TRUE,26,,,
269,4,143,,gvh-2067,08´43.000,79´30.000,1,2,2,128.00,1,,,6,TRUE,25,,,
269,7,144,,gvh-2088,08´47.000,79´29.000,1,2,2,,,,,6,TRUE,,,,
269,7,145,,gvh-2089,08´47.000,79´29.000,1,2,2,,,,,6,TRUE,,,,
269,7,146,,gvh-2090,08´47.000,79´29.000,1,2,2,,,,,6,TRUE,,,,
269,7,147,,gvh-2091,08´47.000,79´29.000,1,2,2,,1,,,6,TRUE,,,,
269,7,148,,gvh-2092,08´47.000,79´29.000,1,2,2,,1,,,6,TRUE,18,,,
269,7,149,,gvh-2093,08´47.000,79´29.000,1,2,2,,1,,,6,TRUE,,,,
272,1,150,,oaa-5,08´33.790,79´14.157,1,2,2,215.00,2,,,2,TRUE,16,,,
272,1,151,,oaa-6,08´33.790,79´14.157,1,2,2,207.00,1,,,2,TRUE,15,,,
272,1,152,,oaa-7,08´33.790,79´14.157,1,2,2,207.00,2,,,2,TRUE,13,,,
272,1,153,,,08´36.202,79´11.555,1,1,5,,,,,,FALSE,"25,26",,,
272,1,154,,,08´34.707,79´14.625,1,1,5,,,,,,FALSE,,,,
272,3,155,,oaa-13,08´03.653,79´24.785,1,2,2,215.00,2,,,2,TRUE,4,,,
276,1,164,,gra-41,,,1,1,1,,1,,,2,FALSE,,,,
276,1,165,,gra-42,,,1,1,1,,1,,,2,FALSE,,,,
276,2,163,,,,,,,,,,,,,FALSE,,,,
276,7,166,,gra-43,,,1,1,5,,,,,,FALSE,15,,,
277,7,161,,,,,1,1,5,,,,,,FALSE,,avistado,,
277,10,162,,,,,5,1,5,,,,,,FALSE,,cachalote cerca a la embarcacion,,
281,6,170,,oaa-28,08'52.403,79'20.398,3,2,2,192.00,1,,,1,TRUE,16-17,"Los delfines para venta son guardados en bodega y comercializados enteros en puerto, precio según pescadores: S/ 2.5 - S/ 3 kg",,
281,6,171,,oaa-29,08'52.403,79'20.398,3,2,2,163.00,2,,,1,TRUE,16-17-18,,,
281,7,172,,oaa-32,08'55.835,79'16.943,3,2,2,185.00,1,,,3,TRUE,20-21,Se uso tambien para carnada en bote,,
281,7,173,,oaa-33,08'55.835,79'16.943,3,2,2,197.00,1,,,1,TRUE,22-23,,,
281,9,174,,oaa-40,08'50.800,79'15.497,3,2,2,216.00,1,,,1,TRUE,29,,,
281,9,175,,oaa-42,08'48.912,79'15.705,3,2,2,210.00,1,,,4,TRUE,29,,,
281,9,176,,oaa-43,08'48.912,79'15.705,3,2,2,211.00,1,,,6,TRUE,,,,
281,10,177,,oaa-44,08'29.700,79'11.620,3,2,2,200.00,2,,,4,TRUE,31,,,
281,10,178,,oaa-45,08'27.315,79'12.327,3,2,2,180.00,2,,,4,TRUE,32,,,
281,10,179,,oaa-46,08'27.315,79'12.327,3,2,2,215.00,1,,,4,TRUE,32,,,
281,10,180,,,,,8,2,2,,,,,,FALSE,30,Lobo chusco,,
285,3,183,,gvh-2134,08´40.222,79´07.307,3,2,2,195.00,1,,,1,TRUE,15,,,
285,3,184,,gvh-2135,08´40.222,79´07.307,3,2,2,172.00,2,,,1,TRUE,15,,,
285,5,185,,gvh-2144,08´47.000,79´18.000,3,2,2,177.00,2,,,1,TRUE,,,,
287,1,181,,,08´23.570,79´06.460,1,1,5,,,,,,FALSE,,Manada de locos avistada,,
287,3,182,,,09´17.675,80´36.253,1,1,5,,,,,,FALSE,,Manada de locos avistada,TC287-03 sighting,
292,2,186,,,,,1,1,5,,,,,,FALSE,,Aproximadamnete 300 - 400 ejemplares observados despues de terminar la tendida.,,
293,1,267,,gvh,,,3,2,2,,,,,6,FALSE,,"Regalo de otra embarcacion, sin cabeza, se desenmallo en el agua, no subio al bote.",,
293,5,191,,gvh-2200,08´41.000,80´07.000,1,2,2,161.00,1,,,1,TRUE,23,Las primeras carnadas de chancho marino utilizadas fueron de un chancho capturado por otra embarcacion que nos lo regalo sin cabeza.,,
293,5,192,,gvh-2201,08´41.000,80´07.000,1,2,2,,2,,,6,TRUE,,"Este animal se desenmallo en el agua, no se subio al bote.",,
293,5,193,,gvh-2202,08´42.000,80´08.000,1,2,2,209.00,1,,,,TRUE,22,,TC293-5-gvh2202 (D. delphis),
293,7,189,,gvh-2205,08´07.000,79´12.000,2,2,2,182.00,2,,,3,TRUE,19,"Cria de gvh-2204, no tenia dientes, aun se amamantaba con leche",,
293,7,190,,gvh-2206,08´07.000,79´12.000,2,2,2,96.00,1,,,3,TRUE,20,,,
294,6,187,,ass-,08´56.405,80´33.141,1,1,5,,,,,,FALSE,,"Avistado, manada de locos",,
294,7,188,,ass-,08´32.290,79´46.375,1,1,5,,,,,,FALSE,,"Avistado, manada de locos",,
299,3,194,,gvh,09´00.302,80´38.392,3,1,5,,,,,,FALSE,,"Avistado hora: 15:30, aproximadamente 300 - 400 individuos.",,
299,6,195,,gvh-,09´02.143,80´40.216,3,1,5,,,,,,FALSE,,"Avistadi antes de iniciar el calado, aproximadamente 100 individuos a las 08:00.",,
326,4,282,,gvh-2289,09'16.466,79'09.597,1,2,2,217.00,1,,,6,TRUE,1,,,
326,6,283,,gvh-2315,09'41.448,78'54.203,4,2,2,,2,,,6,TRUE,,se desenmallo en el agua por ser muy pesado,,
326,6,284,,gvh-2316,09'41.448,78'54.203,4,2,2,,2,,,6,TRUE,,se desenmallo en el agua por ser muy pesado,,
326,6,285,,gvh-2317,09'41.448,78'54.203,4,2,2,144.00,2,,,6,TRUE,1,"no tenia dientes, es posible que sea cria de gvh-2316",,
326,7,286,,gvh-2334,09'16.500,79'06.663,4,2,2,,1,,,6,TRUE,,"se desenmallo en el agua, gran tamanho y peso",,
333,1,287,,gvh-2390,09'59.636,79'06.371,4,2,2,228.00,2,,,6,TRUE,27,Recogida,,
333,3,288,,gvh-2418,10'09.607,78'46.226,4,2,2,132.00,2,,,6,TRUE,26,Bufeo tierno sin dientes,,
333,3,289,,gvh-2419,10'09.607,78'46.226,4,2,2,282.00,2,,,1,TRUE,25,,,
333,7,290,,gvh-2454,08'57.000,80'00.000,4,2,2,175.00,2,,,6,TRUE,22,,,
339,2,291,,gvh-2478,08'19.958,79'47.972,3,2,2,188.00,2,,,1,TRUE,18,,,
339,2,292,,gvh-2479,08'20.457,79'48.342,3,2,2,184.00,2,,,1,TRUE,17,,,
339,7,293,,gvh-2526,08'36.000,79'51.000,3,2,2,164.00,1,,,8,TRUE,9,,,
341,4,294,,ass-111,09'13.062,79'46.418,1,2,2,248.00,2,,,6,TRUE,1,,,
341,4,295,,ass-112,09'13.062,79'46.418,1,2,,,,,,6,TRUE,,,,
341,4,296,,ass-113,09'13.062,79'46.418,1,2,2,,,,,6,TRUE,,,,
341,5,297,,ass-115,08'38.607,80'03.862,4,2,2,177.00,2,,,6,TRUE,,,,
347,2,299,,ass-162,08'52.387,79'28.768,1,2,2,182.00,1,182.00,1,6,TRUE,1,,,
347,2,300,,ass-163,08'52.387,79'28.768,1,2,2,174.00,2,,,6,TRUE,,,,
358,1,302,,fcgo-05,06'29.000,80'26.358,2,2,2,125.00,1,,,1,FALSE,1,tambien se comio en el bote,,
358,1,303,,fcgo-6,06'29.000,80'26.358,2,2,2,135.00,2,,,1,FALSE,3 y 4,tambien se comio en el bote,,
358,2,301,,fcgo-07,06'39.605,80'41.745,1,2,2,179.00,2,,,1,FALSE,8,tambien se comio en el bote,,
358,5,305,,fcgo-08,06'31.814,80'32.413,3,2,2,152.00,1,,,1,FALSE,15,tambien se comio en el bote,TC358-fcgo (Delfin usado como carnada) San Jose aug08,
360,2,306,,afm-1,06'39.533,80'16.600,3,2,2,136.00,1,,,1,TRUE,1,,,
363,1,307,,,,,,,,,,,,,FALSE,,,,
363,4,308,,mgv-118,10'04.690,79'47.643,1,2,2,200.00,1,,,1,TRUE,,,,
363,4,309,,mgv-122,10'04.690,79'47.643,1,2,2,218.00,1,,,,TRUE,,,,
363,4,310,,mgv-124,10'04.690,79'47.643,1,2,2,212.00,2,,,1,TRUE,,,,
363,4,311,,mgv-125,10'04.690,79'47.643,1,2,2,214.00,1,,,1,FALSE,,,,
363,4,312,,mgv-126,10'04.690,79'47.643,1,2,2,246.00,1,,,1,TRUE,,,,
363,4,313,,mgv-127,10'04.690,79'47.643,1,2,2,203.00,1,,,1,TRUE,,,,
363,5,314,,mgv-135,10'21.239,79'54.886,1,2,2,190.00,2,,,1,TRUE,,,,
363,5,315,,mgv-136,10'21.239,79'54.886,1,2,2,110.00,1,,,1,TRUE,,,,
365,1,316,,gvh-2533,08'30.000,79'37.000,1,2,1,213.00,1,,,1,TRUE,7,,,
365,2,317,,gvh-2550,09'07.000,80'04.000,1,2,2,233.00,1,,,1,TRUE,6,,TC365-2-gvh2550 (D. delphis),
365,2,318,,gvh-2551,09'07.000,80'04.000,1,2,2,198.00,1,,,1,TRUE,,,,
365,2,320,,gvh-,09'07.000,80'04.000,1,1,2,205.00,1,,,5,FALSE,,,,
365,6,319,,gvh-2570,08'45.000,80'22.000,1,2,2,150.00,1,,,1,TRUE,,,,
368,2,333,,cemp-46,07'04.781,79'45.341,3,2,2,1.30,2,,,3,TRUE,"10,11",,,
370,3,334,,cemp-53,06'35.884,80'42.187,3,2,2,125.00,2,,,3,TRUE,10,,,
370,3,335,,cemp-53a,,,8,2,2,,,,,,FALSE,,Cayo en la red durante el recojo,,
371,1,326,,ccb-,,,8,1,5,,,,,,FALSE,,,,
371,1,327,,ccb-,5'24.833,80'58.862,8,1,5,,,,,,FALSE,,,,
371,2,328,,ccb-,5'24.692,80'59.078,8,1,5,,,,,,FALSE,,,,
373,3,329,,cemp-61,06'37.607,80'22.115,2,2,2,160.00,1,,,3,TRUE,22-24,"se observa gran santidad de locos por el rededor de la lancha, fotos 27,25,21,19",,
374,1,325,,gvh-2622,08'43.000,79'24.000,1,1,1,211.00,1,,,1,TRUE,,This individual was harpooned before the first set.,,
374,2,321,,gvh-2597,09'19.000,79'29.000,4,2,2,214.00,2,,,1,TRUE,,,,
374,2,322,,gvh-2598,09'19.000,79'29.000,4,2,2,191.00,1,,,1,TRUE,,,,
374,2,323,,gvh-2659,09'19.000,79.29.000,4,2,2,187.00,2,,,1,TRUE,,,,
374,6,324,,gvh-2608,09'24.000,80'04.000,1,2,2,202.00,1,,,1,TRUE,,,,
376,1,336,,,,,,,,,,,,,FALSE,,,,
388,5,332,,gvh-2840,08'40.,79'57.,4,1,5,,,,,,FALSE,,,,
392,3,339,,,,,,,,,,,,,FALSE,,,,
401,1,330,,gvh-2845,08'42.,79'30,1,2,2,215.00,2,,,6,TRUE,,,,
401,2,337,,gvh-,,,,,,,,,,,FALSE,,,,
401,7,338,,ghv-2845,08'42,79'30,1,2,2,215.00,2,,,6,TRUE,,,,
405,1,331,,gvh-2915,08'09.,79'58.,1,2,2,222.00,2,,,6,TRUE,,,,
408,3,340,,rm-03,,,3,1,1,,,,,4,FALSE,,Se llevo a puerto para venta,,
408,3,341,,rm-04,,,3,1,1,,,,,4,FALSE,,Se llevo la carne a puerto  para venta,,
408,3,342,,rm-05,,,3,1,1,,,,,4,FALSE,,Se llevo la carne a puerto  para venta,,
435,3,356,,,07'09.52,,1,1,5,,,,,,FALSE,,,,
435,6,346,,wsf-41,07'13.765,79'51.049,3,2,2,,2,,,3,TRUE,,,,
438,2,357,,wsf-53,07'06.165,79'58.777,1,2,2,123.00,2,,,6,TRUE,,,,
439,1,358,,slf-85,06'42.841,80'09.137,1,2,2,86.00,2,,,6,FALSE,,,,
439,1,359,,slf-86,06'31.990,80'09.408,1,2,2,75.00,2,,,6,FALSE,,,,
439,1,360,,slf-87,06'32.502,80'09.257,1,2,2,92.00,2,,,6,FALSE,,,,
439,1,361,,slf-88,06'34.320,80'09.299,1,2,2,88.00,2,,,6,FALSE,,,,
439,1,362,,slf-89,06'54.600,80'09.429,1,2,2,79.00,2,,,6,FALSE,,,,
441,4,363,,wsf-68,06'33.751,80'31.557,1,2,2,140.00,2,,,3,TRUE,,,,
444,1,364,,gvh-3109,08'24,79'04,2,2,2,151.00,2,,,1,TRUE,,,,
447,2,365,,gvh-3134,08'55,79'75,3,2,2,156.00,2,,,1,TRUE,,,,
450,1,366,,rbh-46,08'28,79'02,1,2,1,208.00,1,,,1,TRUE,,Arponeado durante la navegacion.,,
450,6,367,,rbh-47,09'47,79'04,3,2,2,194.00,1,,,8,TRUE,,,,
451,1,368,,gvh-3134,08'30,79'02,1,2,1,215.00,1,,,1,TRUE,,,,
451,1,369,,gvh-3135,08'30,79'02,1,2,1,195.00,1,,,1,TRUE,,,,
451,1,370,,gvh-3136,08'30,79'02,1,2,1,210.00,1,,,1,TRUE,,,,
451,1,371,,gvh-3137,08'30,79'02,1,2,1,185.00,2,,,1,TRUE,,,,
452,2,374,,rbh-73,08'32,80'05,4,2,2,197.00,1,,,1,FALSE,11,,,
452,2,375,,rbh-74,08'32,80'05,4,2,2,246.00,1,,,1,FALSE,10,,,
452,7,372,,rbh-94,07'45,79'45,2,2,2,167.00,2,,,6,FALSE,8,,,
452,7,373,,rbh-95,07'44,79'47,2,2,2,115.00,2,,,6,FALSE,7,,,
453,5,376,,gvh-3189,07'35,79'50,2,2,2,150.00,1,,,6,TRUE,,,,
453,5,377,,gvh-3190,07'35,79'50,2,2,2,176.00,1,,,6,TRUE,,,,
453,5,378,,gvh-3191,07'35,79'50,2,2,2,160.00,1,,,6,TRUE,,,,
454,7,379,,dmf-7,06'35.106,80'42.663,1,1,2,,,,,5,FALSE,,"Lo desenredaron en el agua, lo liberaron ileso.",,
491,5,381,,dmf-536,06'29.533,80'31.101,3,2,2,145.00,2,,,6,TRUE,,,,
492,1,382,,epc-1,08'19,79'08,1,2,1,196.00,2,,,1,TRUE,,Los locos se arponearon antes de realizar la faena de pesca.,,
492,1,383,,epc-2,08'19,79'08,1,2,1,177.00,1,,,1,TRUE,,Los locos se arponearon antes de realizar la faena de pesca.,,
492,1,384,,epc-3,08'19,79'08,1,2,1,213.00,1,,,1,TRUE,,Los locos se arponearon antes de realizar la faena de pesca.,,
493,6,385,,gvh-3290,07´51,79´23,2,2,2,142.00,1,,,6,TRUE,,Se tomo fotografia pero no se coloco el numero. La captura del animal fue cerca a la costa.,,
497,2,386,,dmf-735,07´04.797,80´13.628,3,2,2,180.00,2,,,,TRUE,,,,
506,2,388,,gvh-3267,08´23,79´13,1,2,1,205.00,1,,,1,TRUE,26,Arponeado antes del lance 2 para uso como carnada.,,
506,2,389,,gvh-3268,08´25,79´18,1,2,2,198.00,1,,,1,TRUE,25,,,
509,1,387,,rbh-177,08´20,79´26,1,2,1,112.00,1,,,1,TRUE,27,"Antes de realizar el primer lance, fue arponeado para usar como carnada",,
513,1,396,,rbh-278,08'23,79'07,1,2,1,217.00,2,,,6,TRUE,23,Durante el viaje (a la zona de pesca) se arponearon los chanchos antes de la primera cala. No se uso carnada en las cazas.,,
513,1,397,,rbh-279,08'28,79'07,1,2,1,199.00,1,,,6,TRUE,22,,,
514,1,167,,jas-299,,,2,,,,,,,4,TRUE,,,,
514,1,399,,gvh-3372,08'32,79'09,1,2,1,208.00,1,,,1,TRUE,16,Fue arponeado antes del primer lance.,,
515,1,401,,rbh-337,08'20,79'05,1,2,1,175.00,2,,,1,TRUE,19,"Se arponearon antes de realizar el primer lance. Esta carnada se usa para la captura de tiburon azul y diamante, pero como en la zona de pesca solo hay tiburon martillo la carnada no se uso.",TC515-1-rbh337 Loco,
515,1,402,,rbh-338,08'21,79'06,1,2,1,203.00,2,,,1,TRUE,18,"Se arponearon antes de realizar el primer lance. Esta carnada se usa para la captura de tiburon azul y diamante, pero como en la zona de pesca solo hay tiburon martillo la carnada no se uso.",TC515-1-rbh338 Loco,
515,3,443,,rbh-338a,,,4,2,2,,,,,6,FALSE,,,,
515,4,444,,rbh-338b,,,4,2,2,,,,,6,FALSE,,,,
515,4,445,,rbh-338c,,,4,2,2,,,,,6,FALSE,,,,
516,2,405,,gvh,,,7,,,3.50,,,,,FALSE,,"Se enmallo durante el recojo del lance 2, por su gran tamano se desenmallo en el agua, tamano aprox 3,5 metros",,
516,2,406,,gvh-,,,7,,,3.50,,,,,FALSE,,"Se enmallo durante el recojo del lance 2, por su gran tamano se desenmallo en el agua, tamano aprox 3,5 metros",,
516,5,403,,gvh-3410,09'10,79'28,4,2,2,149.00,1,,,1,TRUE,,,TC516-5-gvh3410,
516,5,404,,gvh-3411,09'10,79'28,4,2,2,154.00,1,,,1,TRUE,,,,
517,6,400,,dmf-1101,06´24.840,80´47.238,2,2,2,148.00,1,,,3,TRUE,17,,,
524,1,407,,rbh-370,08'04,79'22,1,2,2,,2,,,1,TRUE,14,Arponeado antes de la primera cala.,TC524-1-rbh370 Loco,
524,1,408,,rbh-371,08'08,79'22,1,2,1,,1,,,1,TRUE,13,,TC524-1-rbh371,
525,4,446,,gvh-3467,08'12,79'39,1,2,2,216.00,1,,,6,FALSE,25,,,
525,4,447,,gvh-3468,08'12,79'39,1,2,2,209.00,1,,,6,FALSE,24,,,
528,1,532,,ebh-53,08'22367,79'28.422,1,1,1,204.00,1,,,1,TRUE,si,no esta la foto ni la muestra,,
528,1,533,,ebh-54,08'28,79'34,1,1,1,207.00,2,,,1,TRUE,si,no esta la foto ni la muestra,,
528,2,534,,ebh-55,08'30,80'18,1,2,2,172.00,2,,,1,TRUE,si,no esta la foto ni la muestra,,
528,4,535,,ebh-56,08'27,79'58,1,2,2,257.00,1,,,6,TRUE,Si,No esta la foto ni la muestra,,
529,1,410,,rbh-398,08´50.933,79´32.540,1,1,1,210.00,2,,,1,FALSE,,Fotos en digital,TC529-1-rbh398,
529,1,411,,rbh-399,08´51.650,79´33.552,1,1,1,219.00,2,,,1,TRUE,,Fotos en digital,TC529-1-rbh399,
529,4,412,,rbh-400,09´02.383,79´38.639,4,2,2,222.00,2,,,1,TRUE,,Fotos en digital,TC529-1-rbh400,
529,7,409,,,,,,,,,,,,,FALSE,,,,
531,6,413,,ebh-93,7'48,79'24,2,2,2,147.00,2,,,8,TRUE,1,,,
534,1,417,,rbh-469,08'14.490,79'08.767,1,1,1,217.00,2,,,1,TRUE,27,En la ruta,,
534,1,418,,rbh-470,08'04.633,79'25.737,1,1,1,202.00,2,,,1,TRUE,26,En la ruta,TC534-rbh470,
534,1,419,,rbh-471,08'04.595,79'27.720,1,1,1,204.00,2,,,1,TRUE,25,En la ruta,TC534-rbh471,
534,2,420,,rbh-472,07'50.353,80'17.257,1,2,2,197.00,1,,,1,TRUE,"19, 20",,TC534-2-rbh472,
534,2,421,,rbh-473,,,1,2,2,175.00,1,,,1,TRUE,"17, 18",,TC534-2-rbh473,
534,3,422,,rbh-474,08'03.016,80'15.825,1,2,2,,,,,6,FALSE,"15, 16","Quedo enmallado entre el pinger #13, no se midio el animal porque no se subio a bordo, habia vientos fuertes.",TC534-3-rbh474,
534,3,423,,rbh-475,,,1,2,2,,,,,6,FALSE,,"No se midio el animal porque no se subio a bordo, habia vientos fuertes.",,
534,3,424,,rbh-476,,,1,2,2,,,,,6,FALSE,,"No se midio el animal porque no se subio a bordo, habia vientos fuertes.",,
534,3,425,,rbh-477,,,1,2,2,,,,,6,FALSE,14,"Se capturo en el pinger #5, no se midio el animal porque no se subio a bordo, habia vientos fuertes.",TC534-3-rbh477,
534,4,426,,rbh-478,08'09.385,80'04.697,1,2,2,,,,,6,FALSE,,"Se capturo entre el pinger # 12 y 13, no se midio el animal porque no se subio a bordo, habia vientos fuertes.",,
534,4,427,,rbh-479,,,1,2,2,,,,,6,FALSE,,"Se capturo entre el pinger # 12 y 13, no se midio el animal porque no se subio a bordo, habia vientos fuertes.",,
534,5,428,,rbh-480,07'42.962,79'49.473,1,2,2,,,,,6,FALSE,,"Se capturo en el pinger #13, no se midio el animal porque no se subio a bordo, habia vientos fuertes.",,
534,5,429,,rbh-481,,,1,2,2,,,,,6,FALSE,12,"Se capturo en el pinger #4, no se midio el animal porque no se subio a bordo, habia vientos fuertes.",TC534-5-rbh481,
534,7,430,,rbh-482,08'11004,79'16.602,1,2,2,,,,,6,FALSE,11,"Se capturo en el pinger #12, no se midio el animal porque no se subio a bordo, habia vientos fuertes.",TC534-7-rbh482,
534,8,414,,rbh-483,08'27.233,79'16.915,5,2,2,208.00,1,,,4,TRUE,10,"Delphinus delphis (hocico corto), fue capturado en el pinger #3",TC534-8-rbh483,
534,8,415,,rbh-484,08'27.233,79'16.915,5,2,2,184.00,1,,,4,TRUE,,"Delphinus delphis (hocico corto), capturado en el pinger #1",,
534,8,416,,rbh-485,,,5,2,2,224.00,2,,,4,TRUE,7,"Delphinus delphis (hocico corto), capturado en el pinger #1",TC534-8-rbh485,
535,1,431,,rbh-522,08'35.048,79'49.777,3,2,2,195.00,2,,,4,TRUE,"26,27","Los chanchos no se acercaban al bote, no cayeron en la red. Se vio navegar una cantidad regular de bufeos por la zona de trabajo asi como cachalotes (cerca al pinger #17).",,
536,1,433,,rbh-582,08'40.060,79'16.135,1,1,1,219.00,1,,,1,TRUE,,,,
536,1,434,,rbh-583,08'40.948,79'16.708,1,1,1,184.00,2,,,1,TRUE,,,,
536,1,435,,rbh-584,09'01.358,79'24.553,1,1,1,203.00,2,,,1,TRUE,,,,
536,1,436,,rbh-585,09'03.602,79'24.737,1,1,1,219.00,2,,,1,TRUE,,,,
536,2,437,,rbh-586,09'10.443,79'35.657,3,2,2,178.00,1,,,1,TRUE,,Cerca al pinger #7,,
536,2,438,,rbh-587,09'10.443,79'35.657,3,2,2,201.00,1,,,1,TRUE,,,,
536,7,439,,rbh-588,09'07.020,79'50.628,4,2,2,,,,,6,FALSE,,"Cerca al pinger #11, no se midio.",,
536,8,432,,rbh-589,08'55.058,79'27.882,1,2,2,,,,,6,FALSE,,"Cerca al pinger #4, no se midio.",,
537,1,440,,rbh-590,09'15.558,79'25.882,1,1,1,192.00,2,,,1,TRUE,18,,,
537,1,441,,rbh-591,09'18.788,79'24.682,1,1,1,203.00,2,,,1,TRUE,17,,TC537-rbh591,
537,1,442,,rbh-592,09'20.640,79'23.787,1,1,1,195.00,2,,,1,TRUE,16,,TC537-rbh592,
538,1,448,,rbh-633,08'10.943,79'25.313,2,2,2,180.00,2,,,6,TRUE,15,Por esta zona se ven pocos chanchos.,TC538-01-rbh633,
538,1,450,,rbh-633a,08'10.943,79'25.313,2,2,2,103.00,1,,,6,TRUE,14,Por esta zona se ven pocos chanchos.,TC538-01-rbh633a,
538,2,449,,rbh-641,08'15.772,79'19.463,2,2,2,158.00,1,,,6,TRUE,13,Por esta zona se ven pocos chanchos.,TC538-02-rbh641,
539,1,452,,rbh-720,08'10.562,79'21.492,1,1,1,211.00,2,,,1,TRUE,12,"No se capturaron chanchos marinos en la red durante este viaje, ademas no se obsevan muchos de ellos.",TC539-rbh720,
539,1,453,,rbh-721,08'11.500,79'34.252,1,1,1,204.00,2,,,1,TRUE,11,"No se capturaron chanchos marinos en la red durante este viaje, ademas no se obsevan muchos de ellos.",TC539-rbh721,
539,1,454,,rbh-722,08'25.538,79'43.815,1,1,1,199.00,2,,,1,TRUE,8,"No se capturaron chanchos marinos en la red durante este viaje, ademas no se obsevan muchos de ellos.",TC539-rbh722,
539,1,455,,rbh-723,08'24.885,79'44.502,1,1,1,218.00,1,,,1,TRUE,7,"No se capturaron chanchos marinos en la red durante este viaje, ademas no se obsevan muchos de ellos.",TC539-rbh723,
541,2,456,,ebh,,,1,,2,297.00,1,,,,FALSE,15,Loco capturado en red,TC541-02-ebh loco,
542,4,457,,ebh-,,,1,,,175.00,1,,,,FALSE,12,,,
543,1,458,,rbh-783,08'33.018,79'20.175,1,1,1,211.00,2,,,1,TRUE,27,"Capturado antes del lance, para usar como carnada.",TC543-01-rbh783,
543,1,459,,rbh-784,08'33.520,79'26.843,1,1,1,210.00,2,,,1,TRUE,26,"Capturado antes del lance, para usar como carnada.",TC543-01-rbh784,
543,1,460,,rbh-785,08'35.998,79'21.002,1,1,1,208.00,2,,,1,TRUE,25,"Capturado antes del lance, para usar como carnada.",TC543-01-rbh785,
543,1,461,,rbh-786,08'36.697,79'23.568,1,1,1,209.00,2,,,1,TRUE,25,"Capturado antes del lance, para usar como carnada.",TC543-01-rbh786,
543,6,463,,rbh-787,08'15.295,79'11.322,1,2,2,,,,,6,FALSE,21,"Enredado cerca al pinger #09, no se pudo medir.",,
544,4,464,,rbh-793,09'56.668,78'53.197,3,2,2,232.00,2,,,1,TRUE,19,,,
547,1,465,,rbh-870,08'18.867,79'16.145,1,2,2,209.00,1,,,6,TRUE,17,Enmallado cerca al pinger #02,TC547-01-rbh870,
552,2,466,,rbh-970,09'20.525,78'59.015,1,2,2,,,,,6,FALSE,,,,
553,1,467,,,,,,,,,,,,,FALSE,,,,
553,1,468,,,,,,,,,,,,,FALSE,,,,
553,5,469,,rbh-971,08'40.019,79'07.001,2,2,2,,,,,8,FALSE,,"Se divisaron bastantes chanchos, locos (coordenadas 08'39.000; 78'58.000 - 08'47.000; 79'57.000) el dia 01/03/10. Ninguno amayado",,
553,5,470,,rbh-972,08'40.019,79'07.001,2,2,2,,,,,8,FALSE,,,,
556,2,471,,rbh-1039,07'49.617,79'55.489,1,2,2,235.00,2,,,1,TRUE,19,,TC556-02-rbh1039,
560,2,472,,rbh 1070,09'19.182,78'50.066,3,2,2,,,,,6,TRUE,19,"Fue desamayado en el agua, no se subio a la lancha, por lo tanto no fue medido.",TC560-02-rbh1070,
560,2,473,,rbh 1071,09'19.182,78'50.066,3,2,2,,,,,6,TRUE,18,"Fue desamayado en el agua, no se subio a la lancha, por lo tanto no fue medido.",TC560-02-rbh1071,
560,2,474,,rbh 1072,09'19.182,78'50.066,3,2,2,,,,,1,TRUE,17,"Fue desamayado en el agua, no se subio a la lancha, por lo tanto no fue medido.",TC560-02-rbh1072,
561,5,475,,rbh-1104,08'15.128,79'48.560,1,2,2,201.00,2,,,6,FALSE,16 y15,La ficha indica que la muestra tomada esta extraviada.,TC561-05-rbh1104b,
561,6,476,,,,,,,,,,,,,FALSE,,,,
562,5,477,,rbh 1134,08'08.841,79'18.348,2,2,2,149.00,2,,,8,FALSE,27,La muestra esta senalada en el informe como perdida,TC562-05-rbh1134,
564,1,478,,rbh 1161,06'20.982,81'10.903,1,2,2,,1,,,6,TRUE,26,,TC564-01-rbh1161,
564,1,479,,rbh 1162,06'20.982,81'10.903,1,2,2,109.00,1,,,6,TRUE,25,,TC564-01-rbh1162,
564,4,480,,rbh 1178,07'21.161,80'57.113,1,2,2,118.00,2,,,8,TRUE,23,,TC564-04-rbh1178,
568,3,481,,rbh 1209,09'15.988,79'33.500,4,2,2,250.00,1,,,6,TRUE,3,,TC568-03-rbh1209a,
568,3,482,,rbh 1210,09'15.988,79'33.500,4,2,2,165.00,1,,,1,TRUE,1,,TC568-03-rbh1210,
572,1,483,,rbh-1225,08'38.056,80'13.206,4,2,2,,2,,,6,TRUE,1-2,,TC572-01-rbh1225a,
572,3,484,,rbh-1237,08'40.532,80'21.701,4,2,2,,2,,,6,TRUE,3,,TC572-03-rbh1237,
572,4,485,,rbh-1243,08'46.316,80'20.254,3,2,2,148.00,1,,,1,TRUE,4,,TC572-04-rbh1243,
572,4,486,,rbh-1244,08'46.316,80'20.254,1,2,2,193.00,1,,,1,TRUE,5-6,,TC572-04-rbh1244b,
572,6,487,,rbh-1250,08'36.994,80'04.959,3,2,2,184.00,2,,,4,TRUE,8,,TC572-06-rbh1250,
572,7,488,,rbh-1251,08'07.777,79'24.489,3,2,2,170.00,1,,,4,TRUE,9,,TC572-07-rbh1251,
572,7,489,,rbh-1252,08'07.777,79'24.489,1,2,2,238.00,1,,,4,TRUE,10,,TC572-07-rbh1252,
574,6,490,,rbh-1281,09´07.005,79´36.244,4,2,2,189.00,2,,,1,TRUE,3 y 4,,TC574-06-rbh1281b,
575,1,491,,rbh-1303,08´53.949,80´00.632,1,2,2,204.00,1,,,1,TRUE,01,,TC575-01-rbh1303,
575,1,492,,rbh-1304,08´53.949,80´00.632,3,2,2,191.00,1,,,1,TRUE,02,,TC575-01-rbh1304,
575,5,493,,rbh-1325,08´17.532,80´33.350,1,2,2,143.00,1,,,1,TRUE,03,,TC575-05-rbh1325,
575,5,494,,rbh-1326,08´17.532,80´33.350,1,2,2,,2,,,1,TRUE,04,,TC575-05-rbh1326,
575,7,495,,rbh-1337,08´12.907,80´43.706,3,2,2,203.00,2,,,1,TRUE,05,,TC575-07-rbh1337,
578,3,496,,rbh-1380,08'36.578,79'37.085,3,2,2,178.00,1,,,1,TRUE,01,,TC578-03-rbh1380,
581,4,497,,rbh-1442,07'38.707,81'15.844,4,2,2,,2,,,6,TRUE,1142,cayo cerca al pinger 5,TC581-04-rbh1442b,
582,4,498,,rbh-1462,07'50.580,80'45.735,4,2,2,,1,,,6,TRUE,1,,TC582-04-rbh1462,
582,4,499,,rbh-1463,07'50.580,80'45.735,4,2,2,,1,,,6,TRUE,2,,TC582-04-rbh1463b,
582,7,500,,rbh-1476,07'46.087,80'40.060,4,2,2,,1,,,6,FALSE,,"Cayo cerca del pinger 10, no se le tomaron muestras ni fotos",,
586,1,501,,,08.31.700,79'29.000,7,1,5,,,,,,FALSE,,"Se avistaron 2 individuos a 50 metros del barco, navegando con ruta 130 grados. La temperatura era de 17.1 C",,
586,4,502,,,07'57.000,80'01.500,7,1,5,,,,,,FALSE,,Se avisto a 200 metros del barco golpeando la cola y con rumbo de 60 grados. La temperatura era de 17.7 C,,
587,1,504,,,12'38.900,77'21.700,8,1,,,,,,,FALSE,,Siguio el boliche para alimentarse,,
587,2,505,,,12'41.600,77'20.700,8,1,,,,,,,FALSE,,,,
587,3,506,,,11'46.100,77'45.800,1,1,,,,,,,FALSE,,Avistados 100 aprox. Navegando hacia SE,,
587,3,507,,,13'10.700,77'08.900,7,1,,,,,,,FALSE,,Avistado 1 navegando a 300 m aprox.,,
589,1,508,,rbh-1478,09'11.265,79'32.301,3,2,2,,2,,,6,TRUE,1,,TC583-01-rbh1478,
589,1,509,,rbh-1479,09'11.265,79'32.301,3,2,2,140.00,2,,,1,TRUE,2,,TC589-01-rbh1479a,TC589-01-rbh1479b
589,3,510,,rbh-1480,09'01.698,79'32.573,4,2,2,224.00,2,,,1,TRUE,1,,TC589-03-rbh1480,
603,1,511,,rbh-1481,09'14.103,79'34.556,3,2,2,181.00,2,,,6,TRUE,Si,,TC603-01-rbh1481,
603,1,512,,rbh-1482,09'14.103,79'34.556,3,2,2,,1,,,6,TRUE,Si,,TC603-01-rbh1482,
604,4,513,,rbh-1483,08'31.917,79'39.057,3,2,2,,1,,,6,TRUE,Si,,,
605,2,514,,rbh-1485,09'51.336,79'53.398,1,2,2,125.00,1,,,1,TRUE,2,,TC605-02-rbh1485a,TC605-02-rbh1485b
605,2,515,,rbh-1486,09'51.336,79'53.398,1,2,2,191.00,2,,,1,TRUE,2,,TC605-02-rbh1486a,TC605-02-rbh1486b
606,1,517,,,,,,,,,,,,,TRUE,,,,
606,4,516,,rbh-1488,08'56.486,79'39.909,1,2,2,,1,,,6,TRUE,,Cayo cerca al pinger #10,TC606-04-rbh1488a,TC606-04-rbh1488b
606,5,518,,rbh-1489,09'00.399,79'37.853,1,2,2,,2,,,6,TRUE,2,,TC606-05-rbh1489a,TC606-05-rbh1489b
607,5,519,,noe 102,05'52.715,80'92.954,2,2,2,157.00,2,,,3,TRUE,Si,Tambien se uso para comer en casa,TC607-05-noe102a,TC607-05-noe102b
609,7,520,,rbh -1490,08'10.744,79'13.063,1,2,2,234.00,1,,,8,TRUE,1,,TC609-07-rbh1490,
609,7,521,,rbh-1491,08'10.744,79'13.063,1,2,2,191.00,1,,,8,TRUE,si,,TC609-07-rbh1491,
610,1,522,,rbh-1492,08'35.013,79'21.297,1,2,2,202.00,1,,,6,TRUE,1,,TC610-01-rbh1492,
610,1,523,,rbh-1493,08'35.013,79'21.297,1,2,2,217.00,1,,,6,TRUE,2,,TC610-01-rbh1493a,TC610-01-rbh1493b
611,2,524,,rbh-1495,07'37.020,79'55.385,1,2,2,237.00,1,,,1,TRUE,1,,TC611-02- rbh1495,
611,2,526,,rbh-1496,07'37.020,79'55.385,1,2,2,,1,,,6,TRUE,2,,TC 611-02- rbh1496a,TC611-02-rbh1496b
614,5,527,,noe-110,05'59.557,80'90.089,2,2,2,102.00,1,,,8,TRUE,Si,,TC614-05-noe110a,TC614-05-noe110b
616,2,528,,rbh-1499,09'59.020,78'53.109,3,2,2,187.00,1,,,1,TRUE,2,,TC616-02-rbh1499a,TC616-02-rbh1499b
616,3,529,,rbh-1500,10'03.294,78'49.453,1,2,2,229.00,1,,,1,TRUE,1,,TC616-03-rbh1500,
616,6,530,,rbh-1501,10'08.846,79'38.096,1,2,2,127.00,2,,,1,TRUE,1,,TC616-06-rbh1501,
616,8,531,,rbh-1502,09'44.975,79'48.869,1,2,2,193.00,2,,,8,FALSE,1,,TC616-08-rbh1502,
618,1,536,,rbh-1503,08'47.562,79'28.216,1,1,1,215.00,2,,,1,TRUE,si,,TC618-01-rbh1503,
618,1,537,,rbh-1504,08'49.644,79'34.023,1,1,1,224.00,2,,,1,TRUE,si,,TC618-01-rbh1504,
618,2,538,,rbh-1505,09'02.997,80'16.026,4,2,2,,1,,,6,TRUE,si,El delfin cayo en el pinger # 8,TC618-02-rbh1505,
618,3,539,,rbh-1506,09'01.747,80'19.796,1,2,2,145.00,2,,,1,FALSE,si,,TC618-03-rbh1506,
618,5,540,,rbh-1507,09'06.663,80'07.014,1,2,2,151.00,2,,,,TRUE,si,,TC618-05-rbh1507,
618,6,541,,rbh-1509,09'08.588,80'02.449,1,2,2,210.00,2,,,1,TRUE,si,,TC618-06-rbh1509,
620,3,542,,rbh-1510,10'04.714,79'56.328,3,2,2,193.00,1,,,1,TRUE,Si,,TC620-03- rbh1510,TC620-03-rbh1510 (2)
620,5,543,,rbh-1511,09'56.302,79'35.615,3,2,2,191.00,2,,,1,TRUE,si,,TC620-05-rbh1511,
620,5,544,,,09'56.302,79'35.165,3,2,2,114.00,2,,,1,FALSE,si,,TC620-05-chancho,
622,4,545,,fbr1512,08'32.823,79'37.306,3,2,2,192.00,1,,,1,TRUE,2,a la altura de pinger #10,TC622-04-rbh1512,TC622-04-rbh1512 (2)
623,5,546,,rbh-152,08'29.616,80'22.925,5,2,2,217.00,1,,,1,TRUE,si,Delfin de riso,TC623-05-rbh1513 a (Grampus griseus),TC623-05-rbh1513b (Grampus griseus)
623,8,547,,rbh-153,08'45.306,79'54.167,1,2,2,,2,,,1,TRUE,si,cayo cerca al pinger # 11,TC623-08-rbh1514,
624,3,548,,,07'40.610,80'43.172,1,2,2,,2,,,6,FALSE,si,No se tomo medidas ni muestras,TC624-3-D. capensis,
630,2,549,,fbr-1517,9'40.209,79'31.053,3,2,2,,1,,,6,TRUE,2,CERCA DEL PINGER 1,TC 630-2-fbr1517,TC 630-2-fbr1517 (2)
630,4,550,,fbr-1518,09'24.570,79'36.902,4,1,2,,1,,,5,TRUE,3,,TC 630-4-fbr1518,TC 630-4-fbr1518 (2)
633,1,552,,,,,,,,,,,,1,FALSE,,,,
633,2,551,,rbh-1519,09'49.913,79'23.510,4,2,2,124.00,1,,,1,TRUE,2,,TC633-2-rbh1519,TC633-2-rbh1519 (2)
639,2,553,,rbh-1521,09'40.950,79'17.887,1,2,2,174.00,1,,,6,FALSE,2,cerca al pinger num 10,TC639-2-rbh1521a,TC639-2-rbh1521b
640,3,554,,,09'16.526,79'40.713,4,1,2,,1,,,5,FALSE,1,,TC640-03-bufeo,
640,5,555,,rbh-1522,09'22.330,79'38.424,4,2,2,,2,,,6,TRUE,2,,TC640-05-rbh1522,TC640-05-rbh152b
643,5,556,,rbh-1523,07'17.261,80'40.979,9,2,2,,2,,,6,TRUE,3,,TC643-05-rbh1523a,TC643-05-rbh1523b
663,1,557,,,08'50.724,79'57.949,1,2,2,174.00,2,,,6,FALSE,2,,TC663-01-loco a,TC663-01-loco b
667,1,558,,,05'25.261,81'00.955,2,2,2,160.00,2,,,8,FALSE,2,,TC667-01-toninoA,TC667-01-toninoB
667,2,559,,,05'25.003,81'00.957,2,2,2,119.50,2,,,8,FALSE,1,,TC667-02-tonino,
672,1,560,,,04'01.689,81'08.569,5,1,5,,,,,,FALSE,,ballena observada durante el recojo 8:58 am,,
674,2,561,,rbh1526,08'19.183,79'46.516,1,2,2,195.00,1,,,1,TRUE,2,cayo cerca a pinger #3,TC674-02-rbh1526,TC674-02-rbh1526 (2)
674,2,562,,rbh1527,08'19.183,79'46.546,1,2,2,197.00,2,,,1,TRUE,2,cayo cerca a pinger #1,TC674-02-rbh1527,TC674-02-rbh1527(2)
728,1,563,,rbh-1529,09'26.203,79'30.142,3,2,2,146.00,2,,,1,TRUE,2,,TC728-01-rbh1529a,TC728-01-rbh1529b
728,3,564,,rbh-1530,09'34.061,79'31.533,3,2,2,,2,,,6,TRUE,1,,TC728-03-rbh1530,
728,3,565,,rbh-1531,09'34.061,79'31.533,3,2,2,177.00,1,,,1,TRUE,2,,TC728-03-rbh1531a,TC728-03-rbh1531b
728,11,566,,rbh-1532,08'17.066,79'19.140,2,2,2,152.00,2,,,8,TRUE,1,,TC728-11-rbh1532,
750,6,567,,rbh1533,08'28.560,79'54.585,1,2,2,197.00,2,,,6,TRUE,2,Cerca pingers #5,Database pictures\Marine mammals\TC750-06-rbh1533a.JPG,Database pictures\Marine mammals\TC750-06-rbh1533b.JPG
750,7,568,,rbh1354,8'37.526,79'50.525,1,2,2,,2,,,6,TRUE,,,Database pictures\Marine mammals\TC750-07-rbh1534a.JPG,Database pictures\Marine mammals\TC750-07-rbh1534b.JPG
790,2,569,,rbh1537,09'52.615,79'23.815,4,2,2,,2,,,6,TRUE,2,Cerca de pingers #12,Database pictures\Marine mammals\TC790-02-rbh1537.JPG,
790,5,570,,rbh1538,09'31.448,79'48.656,4,2,2,175.00,1,,,6,TRUE,,,Database pictures\Marine mammals\TC790-05-rbh1538.JPG,
813,5,571,,rbh1542,09'06.224,79'14.847,3,2,2,,1,,,6,TRUE,,,Database pictures\Marine mammals\TC813-05-rbh1542.JPG,
813,6,572,,rbh1543,08'56.908,79'34.416,4,2,2,150.00,1,,,1,TRUE,,,Database pictures\Marine mammals\TC813-06-rbh1543.JPG,
813,6,573,,rbh1544,08'56.908,79'34.416,4,2,2,156.00,1,,,1,TRUE,,,Database pictures\Marine mammals\TC813-06-rbh1544.JPG,
832,2,574,,rbh1545,09'55.633,79'22.195,4,2,2,170.00,1,,,1,TRUE,,,Database pictures\Marine mammals\TC832-02-rbh1545.JPG,
832,3,575,,rbh1546,10'00.532,79'18.360,1,2,2,116.00,2,,,1,TRUE,,,Database pictures\Marine mammals\TC832-03-rbh1546.JPG,
832,7,576,,rbh1547,10'04.785,79'03.215,4,2,2,,1,,,6,TRUE,,,,
833,1,577,,rbh1549,08'37.905,79'54.195,4,2,2,,1,,,6,TRUE,,Red de fondo,Database pictures\Marine mammals\TC833-01-rbh1549.JPG,
833,1,578,,rbh1550,08'37.905,79'54.194,4,2,2,,1,,,6,TRUE,,,Database pictures\Marine mammals\TC833-01-rbh1550.JPG,
833,2,581,,rbh1551,08'33.816,79'57.875,4,2,2,187.00,2,,,1,TRUE,,,Database pictures\Marine mammals\TC833-02-rbh1551.JPG,
833,6,583,,rbh1553,08'45.781,80'09.383,1,2,2,138.00,2,,,1,TRUE,,,Database pictures\Marine mammals\TC833-6-rbh1553.JPG,
833,7,582,,,,,,,,,,,,,FALSE,,,,
851,3,584,,rbh1556,08'08.830,79'08.102,2,2,2,137.00,1,,,4,FALSE,,,Database pictures\Marine mammals\TC851-L3-rbh1556.JPG,
851,3,585,,rbh1557,08'08.830,79'09.102,2,2,2,166.00,1,,,4,FALSE,,,Database pictures\Marine mammals\TC851-L3-rbh1557.JPG,
851,6,586,,,07'54.510,79'25.409,2,2,2,157.00,2,,,4,FALSE,,,Database pictures\Marine mammals\TC851-L3-rbh1558.JPG,
851,6,587,,,07'54.510,79'25.409,2,2,2,155.00,2,,,4,FALSE,,,,
1010,4,588,,rbh-1560,08'49.940,79'13.077,3,2,2,,1,,,6,FALSE,,,Database pictures\Marine mammals\TC835-L4-rbh-1560.JPG,
1010,4,589,,rbh-1561,08'49.940,79'13.077,2,2,2,,1,,,6,FALSE,,,Database pictures\Marine mammals\TC835-L4-rbh-1561.JPG,
1010,5,590,,rbh-1562,08'41.103,79'28.695,3,2,2,191.00,2,,,4,FALSE,,,Database pictures\Marine mammals\TC835-L5-rbh-1562.JPG,
1042,1,591,,rbh1563,08'07.069,79'30.680,2,2,2,149.00,2,,,1,FALSE,,,Database pictures\Marine mammals\TC1042-L1-rbh1563 A.JPG,Database pictures\Marine mammals\TC1042-L1-rbh1563 B.JPG
1042,3,592,,rbh-1564,08'01.984,79'43.671,3,2,2,181.00,2,,,1,FALSE,,,Database pictures\Marine mammals\TC1042-L3-rbh1564 A.JPG,Database pictures\Marine mammals\TC1042-L3-rbh1564 B.JPG
1042,3,593,,rbh-1565,08'01.984,79'43.671,3,2,2,189.00,2,,,1,FALSE,,,Database pictures\Marine mammals\TC1042-L3-rbh1565 A.JPG,Database pictures\Marine mammals\TC1042-L3-rbh1565 B.JPG
1042,4,594,,rbh-1566,07'55.012,79'53.978,3,2,2,190.00,2,,,1,FALSE,,cerca al pinger numero 7,Database pictures\Marine mammals\TC1042-L4-rbh1566.JPG,
1054,2,596,,,05'400.832,80'55.730,5,1,5,,,,,,FALSE,,Se avisto una ballena joroba a 700 m aprox del punto marcado. Vista a 1:51 pm en direccion norte a sur.,,
1054,3,595,,,05'40.914,80'56.144,8,2,2,150.00,2,,,6,FALSE,,"la medida es una aprox, no se pudo medir porque no se subio al bote era muy pesada.",Database pictures\Observers pics\TC1054-3- lobo.JPG,
1070,1,597,,rbh-1568,08'32.751,79'46.410,3,2,2,186.00,1,,,1,FALSE,,,Database pictures\Marine mammals\TC1070-01-rbh1568.JPG,
1070,1,598,,rbh-1569,08'32.751,79'46.410,3,2,2,188.00,2,,,1,FALSE,,,,
1070,6,599,,rbh-1570,08'23.870,79'59.294,1,2,2,152.00,1,,1,1,FALSE,,,Database pictures\Marine mammals\TC1070-06-rbh1570.JPG,
1070,6,600,,rbh-1571,08'23.870,79'59.294,1,2,2,,,,1,1,FALSE,,,Database pictures\Marine mammals\TC1070-06-rbh1571.JPG,
1070,8,601,,,08'46.767,79'42.907,3,2,2,,,,1,1,FALSE,,,Database pictures\Marine mammals\TC1070-08.JPG,Database pictures\Marine mammals\TC1070-08 (2).JPG
1085,1,602,,rbh-1573,08'50.224,79'45.402,3,2,2,184.00,1,,,1,FALSE,,,Database pictures\Marine mammals\TC1085-01-rbh1573a.JPG,
1085,3,603,,rbh-1574,08'45.685,79'45.454,3,2,2,196.00,1,,,1,FALSE,,,Database pictures\Marine mammals\TC1085-03-rbh1574a.JPG,
1085,4,604,,rbh1575,08'40.619,79'37.215,3,2,2,175.00,1,,,,FALSE,,,Database pictures\Marine mammals\TC1085-04-rbh1575.JPG,
1090,4,605,,,06'24.647,80'34.595,2,2,2,92.16,1,,,1,FALSE,,Fotos de la 5245 hasta 5249.,,
1090,5,606,,,06'24.430,80'35.413,2,2,2,144.50,1,,,6,FALSE,,Fotos desde la 5257 hasta la 5260.,,
1090,5,607,,,06'24.430,80'35.413,2,2,2,,,,,6,FALSE,,,,
1090,7,608,,,06'25.102,80'43.714,2,2,2,160.00,2,,,1,FALSE,,Fotos 5350 y 5351.,,
1090,8,609,,,06'27.349,80'48.573,8,2,2,85.80,2,,,1,FALSE,,Fotos 5363 y 5377.,,
1090,9,610,,,06'45.783,80'82.410,8,2,2,,2,,,6,FALSE,,,,
1090,9,611,,,06'45.783,80'82.410,8,2,2,,2,,,6,FALSE,,,,
1090,9,612,,,06'45.783,80'82.410,8,2,2,,2,,,6,FALSE,,,,
1090,9,613,,,06'45.783,80'82.410,8,2,2,,2,,,6,FALSE,,,,
1100,3,614,,,08'47.698,80'28.201,4,2,2,254.00,2,,,1,FALSE,,,Database pictures\Marine mammals\TC1100 -L3 - bufeo.JPG,Database pictures\Marine mammals\TC1100-L3-bufeo2.JPG
1100,5,615,,rbh-1576,09'06.900,79'43.838,3,2,2,202.00,2,,,1,FALSE,,,Database pictures\Marine mammals\TC1100-L5-rbh1576b.JPG,Database pictures\Marine mammals\TC1100-L5-rbh1576a.JPG
1100,7,616,,rbh-1577,09'01.802,79'44.966,3,2,1,196.00,2,,,1,FALSE,,,Database pictures\Marine mammals\TC1100-L7-rbh-1577a.JPG,Database pictures\Marine mammals\TC1100-L7-rbh-1577b.JPG
1112,1,617,,,05'39.402,80'52.632,8,1,2,1.70,,,,5,FALSE,1,,TC1112-01-lobo,
1120,3,618,,FVR-001,07'00.761,80'26.085,1,2,2,173.50,1,,,1,TRUE,6209 - 6213 y 0029 - 0033,Para carnada en redes (1) y para comer en el bote (3).,,
1120,5,619,,FvR-004,07'14.993,79'92.415,1,2,2,206.00,1,,,6,FALSE,6354 - 6363,,,
1120,6,620,,FVR-007,07'13.326,79'82.448,1,2,2,170.00,1,,,6,FALSE,,,,
1120,6,621,,FvR-008,07'13.326,79'82.448,1,2,2,200.00,1,,,6,FALSE,,,,
1120,6,622,,FvR-009,07'13.326,79'82.448,1,2,2,165.00,1,,,6,TRUE,6374-6380,,,
1135,4,623,S,rbh1579,08'05.520,79'37.084,1,2,2,168.00,2,,,6,FALSE,,juvenil.,Z:\Observer Database\Database pictures\Marine mammals\TC1135-04-rbh1579a.JPG,Z:\Observer Database\Database pictures\Marine mammals\TC1135-04-rbh1579b.JPG
1140,5,624,,FBR 3363,06'27.544,80'49.239,8,2,2,150.00,2,,,6,FALSE,,,,
1140,5,625,,FBR 3364,06'27.544,80'49.239,8,2,2,150.00,2,,,6,FALSE,,,,
1140,5,626,,FBR 3365,06'27.544,80'49.239,8,2,2,150.00,2,,,6,FALSE,,,,
1140,6,627,,3377,06'26.478,80'46.944,8,2,2,150.00,2,,,6,FALSE,,,,
1146,1,631,S,rbh 1579,08'17.424,79'33.261,1,2,2,,2,,,6,FALSE,,,Z:\Observer Database\Database pictures\Marine mammals\TC1146-L1-rbh 1579a.JPG,Z:\Observer Database\Database pictures\Marine mammals\TC1146-L1-rbh1579b.JPG
1146,1,632,S,rbh 1580,08'17.424,79'33.261,1,2,2,,2,,,6,FALSE,,,Z:\Observer Database\Database pictures\Marine mammals\TC1146-L1-rbh1580a.JPG,Z:\Observer Database\Database pictures\Marine mammals\TC1146-L1-rbh1580b.JPG
1146,7,629,,,,,,,,,,,,,FALSE,,,,
1146,7,630,,,,,,,,,,,,,FALSE,,,,
1148,1,633,S,rbh1581,09' 09.498,78'50.503,3,2,2,185.00,2,,,1,TRUE,2,,Z:\Observer Database\Database pictures\Marine mammals\TC1148-01-rbh1581.JPG,Z:\Observer Database\Database pictures\Marine mammals\TC1148-01-rbh1581(2).JPG
1153,1,634,,,06'49.299,80'14.602,1,2,2,176.30,1,183.40,1,6,FALSE,,,,
1153,1,635,,,06'49.299,80'74.602,1,2,2,168.80,2,,,6,FALSE,,,,
1153,2,636,,,06'48.523,80'12.063,1,2,2,183.40,1,,,6,FALSE,,,,
1153,3,637,,,06'52.465,80'07.972,1,2,2,164.80,1,,,6,FALSE,,,,
1153,3,638,,,06'52.465,80'07.472,1,2,2,181.20,2,,,6,FALSE,,,,
1155,2,639,,fbr 3381,6.57227,80.27949,3,2,2,160.00,1,,,6,FALSE,,,,
1155,2,640,,,6.57227,80.27949,3,2,2,157.50,2,,,3,TRUE,,Muestra de Piel,,
1155,5,641,,fbr 3382,6.64628,80.17659,3,2,2,161.10,1,,,8,TRUE,,"Muestra de Piel, Tambien comieron en el bote",,
1156,3,642,S,rbh1587,08'39.109,79'34.505,1,2,2,243.00,1,,,1,FALSE,,,,
1157,3,643,S,rbh1583,08'18.027,80'19.359,1,2,2,158.00,2,,,6,FALSE,,,Z:\Observer Database\Database pictures\Marine mammals\TC1157-03-rbh1583a.JPG,Z:\Observer Database\Database pictures\Marine mammals\TC1157-03-rbh1583b.JPG
1157,4,644,S,rbh1584,08'23.016,80'20.316,1,2,2,128.00,2,,,6,FALSE,,,Z:\Observer Database\Database pictures\Marine mammals\TC1157-L4-rbh1584a.JPG,Z:\Observer Database\Database pictures\Marine mammals\TC1157-L4-rbh1584b.JPG
1157,5,645,S,rbbh1585,08'24.076,80'21.363,1,2,2,131.00,1,,,1,FALSE,,,Z:\Observer Database\Database pictures\Marine mammals\TC1158-L5-rbh1585a.JPG,
1157,8,646,S,rbh1586,09'07.882,80'07.469,1,2,2,161.00,2,,,6,FALSE,,,Z:\Observer Database\Database pictures\Marine mammals\TC1157-L8-rbh1586b.JPG,Z:\Observer Database\Database pictures\Marine mammals\TC1157-L8-rbh1586b.JPG
1161,6,650,S,,,,,,,,,,,,FALSE,,,,
1161,8,647,S,rbh1587,08'57.717,80'16.315,1,2,2,157.00,2,,,1,TRUE,,,Z:\Observer Database\Database pictures\Marine mammals\TC1161-09-rbh1587a.JPG,Z:\Observer Database\Database pictures\Marine mammals\TC1161-09-rbh1587b.JPG
1161,8,648,S,,,,,,,,,,,,FALSE,,,,
1161,10,649,S,rbh1588,08'29.640,80'12.633,1,2,2,174.00,2,,,1,TRUE,,,Z:\Observer Database\Database pictures\Marine mammals\TC1161-10-rbh1588a.JPG,Z:\Observer Database\Database pictures\Marine mammals\TC1161-10-rbh1588b.JPG
1164,2,651,S,rbh1590,09'18.378,79'45.428,1,2,2,154.00,2,,,6,TRUE,,,Database pictures\Marine mammals\TC1564 - 02-rbh1590.JPG,
1164,3,652,S,rbh1591,09'20.751,79'41.624,1,2,2,,1,,,6,TRUE,,,Database pictures\Marine mammals\TC1564 -3-rbh1591.JPG,
1165,1,655,,,06'37.428,80'16.983,5,2,2,154.90,1,,,6,FALSE,,marsopa espinosa,,
1165,1,656,,,06'37.428,80'16.983,5,2,2,150.10,1,,,6,FALSE,,marsopa espinosa,,
1165,1,657,,,06'37.428,80'16.983,5,2,2,153.10,2,,,6,FALSE,,,,
1165,2,658,,,06'35.156,80'32.679,5,2,2,143.40,1,,,6,FALSE,,marsopa espinosa,,
1165,2,659,,,06'35.156,80'32.679,5,2,2,148.60,2,,,6,FALSE,,marsopa espinosa,,
1165,2,660,,,06'35.156,80'32.679,5,2,2,150.30,2,,,6,FALSE,,marsopa espinosa,,
1165,2,661,,,06'35.156,80'32.679,5,2,2,121.60,2,,,8,FALSE,,marsopa espinosa,,
1165,4,653,,,06'29.613,80'44.025,8,1,2,,1,,,,FALSE,,,,
1165,6,654,,,06'45.413,80'22.287,8,2,2,142.30,2,,,4,FALSE,,,,
1166,7,662,,,06'25.816,80'49.249,8,2,2,145.30,2,,,5,FALSE,,,,
1166,7,663,,,06'25.816,80'49.249,8,2,2,149.10,2,,,,FALSE,,,,
1170,2,666,,,,,6,,,,,,,,FALSE,,delfin,,
1170,5,667,,,,,6,,,,,,,,FALSE,,marsopa,,
1171,1,668,,,06'86.885,80'49.298,5,1,5,,,,,,FALSE,,"ballena jorobada,estado: vivo nadando",,
1171,1,669,,,06'86.885,80'49. 298,5,1,5,,,,,,FALSE,,"ballena jorobada,estado: vivo nadando",,
1171,1,670,,,06'86.885,80'49.298,5,1,5,,,,,,FALSE,,"ballena jorobada,estado: vivo nadando",,
1172,7,671,S,rh1593,07'36.597,79'52.869,1,2,2,,1,,,6,TRUE,3,,,
1173,1,675,,,,,,,,,,,,,FALSE,,,,
1173,2,673,,,,,8,2,,,,,,,TRUE,,,Database pictures\Marine mammals\TC1176-02.JPG,
1173,3,676,,,12'11.000,78'04.000,1,,,,,,,,FALSE,,,,
1173,4,672,,cam043,,,3,2,,,,,,,TRUE,,No hay foto.,,
1173,5,674,,cam044,,,1,2,2,,,,,,TRUE,1,,Database pictures\Marine mammals\TC1173-O5-cam044.JPG,
1175,2,677,,,06'54.956,80'08.063,3,2,2,153.20,1,,,6,FALSE,1,,Z:\Observer Database\Database pictures\Marine mammals\TC1175-L2-Maropa espinosa.JPG,
1175,4,678,,,07'02.416,79'52.075,3,2,2,121.00,1,,,,FALSE,,"una ballena se enredo pero rompio la red y se libero, pero dejo muestra de pielen las redes.",,
1175,4,680,,fbr3419,,,5,1,2,,,,,,TRUE,,ballena jorobada,,
1175,7,679,,,07'08.258,79'53.012,8,2,2,121.60,2,,,6,FALSE,,,,
1178,1,681,S,rbh1594,08'05.093,79'13.398,2,2,2,154.00,2,,,,TRUE,,no colocaron el uso.,Z:\Observer Database\Database pictures\Marine mammals\TC1178 -L1 - rbh1594.JPG,
1180,2,682,S,,06'32.425,80'42.831,8,2,2,132.60,1,,,6,FALSE,,Lobo chusco,Z:\Observer Database\Database pictures\Marine mammals\TC1180-2-Lobo chusco.jpeg,
1180,3,683,S,,06'30.650,80'45.642,8,2,2,138.30,2,,,6,FALSE,,,Z:\Observer Database\Database pictures\Marine mammals\TC1180-3-Lobo chusco.jpeg,
1180,3,684,S,,06'30.530,80'45.612,8,2,2,136.80,2,,,6,FALSE,,,,
1180,3,685,S,,06'30.452,80'46.721,8,2,2,139.30,2,,,6,FALSE,,,,
1180,3,686,S,,06'30.313,80'46.743,8,2,2,126.10,2,,,6,FALSE,,,,
1180,4,687,,,06'30.952,80'47.821,8,2,2,109.90,2,,,6,FALSE,,,,
1182,4,688,S,,06'34.321,80'26.562,8,2,2,132.00,1,,,6,FALSE,2,chusco,Z:\Observer Database\Database pictures\Marine mammals\TC1182-L4-lobo.JPG,Z:\Observer Database\Database pictures\Marine mammals\TC1182-L4-lobo(b).JPG
1183,7,690,S,,,,8,2,2,,,,,6,FALSE,,,,
1183,8,689,S,,07°35',79°47',8,2,2,,,,,6,FALSE,,,,
1184,4,691,S,EBH01,08'17.725,79'31.743,3,2,2,206.00,2,,,6,TRUE,,,,
1184,5,692,S,EBH02,08'05.433,79'27.630,2,2,2,188.00,1,,,8,TRUE,,,,
1185,3,693,S,,07'46.102,80'00.687,3,2,2,178.00,1,,,1,TRUE,,,,
1185,3,694,S,,07'46.102,80'00.687,3,2,2,157.00,2,,,1,TRUE,,,,
1187,2,695,S,rbh1597,08'46.638,80'14.424,1,2,2,151.00,1,,,1,TRUE,,,Database pictures\Marine mammals\TC1187-02-rbh1597a.JPG,Database pictures\Marine mammals\TC1187-02-rbh1597b.JPG
1187,5,696,S,rbh1599,08'53.992,80'09.918,3,2,2,191.00,2,,,1,TRUE,,,Database pictures\Marine mammals\TC1187-05-rbh1599.JPG,
1188,2,697,S,,08'23.810,79'19.280,8,2,2,,2,,,6,FALSE,,,Database pictures\Marine mammals\TC1188-02.JPG,
1188,5,698,S,,08'35.008,79'14.820,3,2,2,192.00,1,,,4,FALSE,,,Database pictures\Marine mammals\TC1188-05.JPG,
1188,7,699,S,,08'30.185,79'31.530,8,1,2,,2,,,5,FALSE,,,Database pictures\Marine mammals\TC1188-08.JPG,
1189,1,700,S,1,,,1,2,2,167.60,2,,,6,FALSE,,,,
1189,1,701,S,2,,,10,2,2,158.30,1,,,6,FALSE,,,Z:\Observer Database\Database pictures\Marine mammals\TC1189-L1-Lobo chusco1.JPG,
1189,1,702,S,3,,,10,1,2,146.40,2,,,6,FALSE,,,Z:\Observer Database\Database pictures\Marine mammals\TC1189-L1-Lobo chusco2.JPG,
1189,1,703,S,4,,,10,2,2,156.70,,,,6,FALSE,,,Z:\Observer Database\Database pictures\Marine mammals\TC189-L1-Lobo chusco3.JPG,
1189,1,704,S,5,,,10,2,2,139.30,2,,,6,FALSE,,,Z:\Observer Database\Database pictures\Marine mammals\TC1189-L1-Lobo chusco4.JPG,
1189,2,705,S,1,,,10,2,2,158.60,1,,,,FALSE,,,Z:\Observer Database\Database pictures\Marine mammals\TC1189-L2-Lobo chusco1.JPG,
1189,2,706,S,2,,,10,1,2,163.10,1,,,,FALSE,,,Z:\Observer Database\Database pictures\Marine mammals\TC1189-L2-Lobo chuco2.JPG,
1189,2,707,S,3,,,10,1,2,,,,,,FALSE,,se escapo de la red,,
1189,2,760,S,,,,1,2,2,167.60,2,,,6,FALSE,1,,Z:\Observer Database\Database pictures\Marine mammals\TC1189-L2-Loco.JPG,
1189,4,708,S,1,,,1,2,2,157.80,2,,,1,FALSE,,,Z:\Observer Database\Database pictures\Marine mammals\TC1189-L4-Loco1.JPG,
1189,4,709,S,2,,,1,2,2,155.30,2,,,1,FALSE,,,Z:\Observer Database\Database pictures\Marine mammals\TC1189-L4-Loco2.JPG,
1190,5,710,S,fbr0,,,2,2,2,166.00,2,,,3,TRUE,3,,Z:\Observer Database\Database pictures\Marine mammals\TC1190-L5-nap061a.JPG,Z:\Observer Database\Database pictures\Marine mammals\TC1190-L5-nap061b.JPG
1191,2,711,S,,,,5,2,2,138.30,2,,,6,FALSE,,marsopa,,
1191,2,712,S,,,,10,1,2,94.30,2,,,6,FALSE,,,Z:\Observer Database\Database pictures\Marine mammals\TC1191-L2-Lobo chusco1.JPG,
1191,2,713,S,,,,10,1,2,97.80,2,,,6,FALSE,,,,
1191,2,714,S,,,,10,2,2,91.30,2,,,6,FALSE,,,,
1191,2,715,S,,,,10,2,2,89.60,1,,,6,FALSE,,,,
1191,2,716,S,,,,10,1,2,103.20,2,,,6,FALSE,,,,
1191,2,717,S,,,,10,2,2,99.80,2,,,6,FALSE,,,,
1191,2,718,S,,,,10,2,2,115.30,1,,,6,FALSE,,,,
1191,2,719,S,,,,10,1,2,110.80,2,,,6,FALSE,,,,
1191,3,761,S,,,,,,,,,,,,FALSE,,,Z:\Observer Database\Database pictures\Marine mammals\TC1191-L2-Lobo chusco2.JPG,
1191,5,720,S,,,,10,2,2,94.20,1,,,6,FALSE,,,,
1191,5,721,S,,,,10,2,2,,,,,6,FALSE,,,,
1191,5,722,S,,,,10,2,2,,,,,6,FALSE,,,,
1191,6,723,S,,,,10,2,2,104.30,1,,,6,FALSE,,,Z:\Observer Database\Database pictures\Marine mammals\TC1191-L6-Lobo chusco.JPG,
1191,7,724,S,,,,10,2,2,,,,,6,FALSE,,,Z:\Observer Database\Database pictures\Marine mammals\TC1191-L7-Lobo chusco1.JPG,
1191,7,725,S,,,,10,2,2,,,,,6,FALSE,,,,
1192,1,726,C,,,,10,2,2,145.20,2,,,6,FALSE,,,,
1192,2,727,C,,,,2,2,2,110.20,1,,,3,FALSE,,,,
1192,4,728,S,,,,2,2,2,109.60,1,,,1,FALSE,,,,
1192,5,729,C,,,,10,1,2,162.00,1,,,6,FALSE,,,,
1192,6,730,S,,,,10,1,2,168.60,1,,,6,FALSE,,,,
1192,6,731,S,,,,10,2,,,1,,,6,FALSE,,,,
1192,7,732,S,,,,10,2,2,,,,,6,FALSE,,,,
1192,7,733,S,,,,10,2,2,,,,,6,FALSE,,,,
1192,7,734,S,,,,10,2,2,,,,,6,FALSE,,,,
1192,8,735,S,,,,10,2,2,157.30,2,,,6,FALSE,,,,
1192,8,736,S,,,,10,2,2,,,,,6,FALSE,,,,
1192,8,737,S,,,,10,2,2,,,,,6,FALSE,,,,
1192,9,738,S,,,,10,2,2,168.60,1,,1,6,FALSE,,,,
1192,9,739,S,,,,10,2,2,,,163.40,2,6,FALSE,,,,
1193,1,740,C,1,,,8,2,2,171.00,1,,,6,FALSE,,,Z:\Observer Database\Database pictures\Marine mammals\TC1193-L1-Lobo chusco.jpg,
1194,6,741,S,,,,10,1,2,,,,,5,FALSE,,,,
1195,1,742,S,,,,8,2,2,,,,,,FALSE,,,,
1196,1,743,S,,,,8,2,2,,1,,,6,FALSE,,no se le pudo subir a la embarcacion,,
1196,1,744,S,,,,8,2,2,,1,,,6,FALSE,,no se le pudo subir a la embarcacion,,
1196,1,745,S,,,,8,2,2,,2,,,6,FALSE,,no se le pudo subir a la embarcacion,,
1198,3,746,S,,,,10,2,2,,,,,6,FALSE,,,,
1202,2,747,S,,05'26.116,81'15.350,5,1,6,,,,,,FALSE,2,Ballena. Bordeaba el bote,Z:\Observer Database\Database pictures\Marine mammals\TC1202-L2-BallenaA.jpg,Z:\Observer Database\Database pictures\Marine mammals\TC1202-L2-BallenaB.jpg
1202,7,749,S,,05'31.556,81'00.436,5,1,6,,,,,,FALSE,,Ballena. Se le vio al lado sur de la coordenada.,,
1202,8,748,S,,05'36.998,81'01.544,5,1,6,,,,,,FALSE,,Ballena. Se le vio al aldo oeste de la coordenada.,,
1203,1,750,S,,,,10,2,2,183.00,1,,,6,FALSE,,,,
1203,1,751,S,,,,8,2,2,158.00,1,,,6,FALSE,,,,
1203,1,752,S,,,,8,2,2,125.00,2,,,6,FALSE,,,,
1203,1,753,S,,,,8,2,2,115.00,2,,,6,FALSE,,,,
1203,1,757,S,,06'24.750,80'46.349,1,1,6,,,,,,FALSE,,Aproximadamente 50 delfines avistados rumbo al sureste,,
1203,4,754,S,,,,8,2,2,149.00,2,,,6,FALSE,,,,
1203,5,755,S,,,,8,2,2,141.00,2,,,6,FALSE,,,,
1203,5,756,S,,,,8,2,2,131.00,1,,,6,FALSE,,,,
1203,5,758,S,,06'29.233,80'45.424,1,1,6,,,,,,FALSE,,Aproximadamente 100 delfines avistados en rumbo sur oeste,,
1203,5,759,S,,06'30.721,80'38.800,5,1,6,,,,,,FALSE,,Ballena. Avistada rumbo al oeste.,,
1204,1,786,S,,,,,,,,,,,,FALSE,,,,
1204,6,762,S,RBH1603,09'51.047,79'21.860,3,2,2,154.00,2,,,1,TRUE,2,Cerca a pano nro 10,Database pictures\Marine mammals\TC1204-06-rbh1603a.JPG,Database pictures\Marine mammals\TC1204-06-rbh1603b.JPG
1204,6,763,S,RBH1604,09'51.047,79'21.860,3,2,2,171.00,1,,,1,TRUE,2,,Database pictures\Marine mammals\TC1204-06-rbh1604a.JPG,Database pictures\Marine mammals\TC1204-06-rbh1604b.JPG
1205,3,764,S,rbh1606,08'46.750,78'55.386,1,2,2,185.00,1,,,1,TRUE,,,,
1205,5,765,S,rbh1607,08'19.264,79'05.075,2,2,2,139.00,2,,,1,TRUE,,,,
1207,3,766,S,ebh11,08'04.438,79'30.596,2,2,2,144.00,1,,,8,TRUE,1,,Database pictures\Marine mammals\TC1207-3-ebh11.JPG,
1208,1,767,S,,,,2,2,2,135.00,,,,3,FALSE,,,,
1209,4,768,S,,,,1,2,2,215.00,1,,,6,FALSE,,,,
1209,4,769,S,,,,1,2,2,165.00,2,,,6,FALSE,,,,
1209,6,770,S,,,,2,2,2,150.00,1,,,6,FALSE,,,,
1209,6,771,S,,,,2,2,2,165.00,2,,,6,FALSE,,El tonino tenia heridas en el dorso,,
1209,6,772,S,,,,8,1,2,126.00,2,,,5,FALSE,,,,
1211,4,773,S,,,,10,2,2,122.00,2,,,6,FALSE,,,,
1214,5,774,S,,,,10,2,2,183.00,2,,,6,FALSE,,,,
1214,6,775,S,,,,2,2,2,170.00,1,,,6,FALSE,,,Database pictures\Marine mammals\TC1214-6- 775.jpg,
1214,7,776,S,,,,2,2,2,132.00,2,,,6,FALSE,,,,Database pictures\Marine mammals\TC1214-7-776.jpg
1219,2,777,S,rbh1613,08'00.762,79'53.785,3,2,2,201.00,1,,,1,TRUE,2,,Z:\Observer Database\Database pictures\Marine mammals\TC1219-02-rbh1613a.JPG,Z:\Observer Database\Database pictures\Marine mammals\TC1219-02-rbh1613b.JPG
1219,7,778,S,rbh1614,07'52.594,80'21.969,1,2,2,155.00,1,,,1,TRUE,1,,Z:\Observer Database\Database pictures\Marine mammals\TC1219-07-rbh1614.JPG,
1223,3,779,S,,07'02.232,80'38.420,1,1,6,,,,,,FALSE,,"Fue avistada una gran manada de delfines junto a piqueros, al parecer seguian un cardumen de anchoveta.",,
1225,3,780,S,,,,10,2,2,235.00,2,,,6,FALSE,,,,
1225,3,781,S,,,,1,2,2,175.00,2,,,6,FALSE,,,,
1225,5,782,S,,,,3,2,2,143.00,2,,,6,FALSE,,,,
1226,1,783,S,,,,2,2,2,183.00,2,,,6,TRUE,,,,
1226,4,784,S,,,,1,2,2,240.00,2,,,6,TRUE,,,,
1226,5,785,S,,,,2,2,2,191.00,1,,,6,FALSE,,,,
1257,4,884,S,,,,1,2,2,,,,,6,FALSE,,,,
1257,6,885,S,,,,7,2,2,,,,,4,FALSE,,peso aprox 400k,,
1260,3,787,S,,,,2,2,2,180.00,2,,,6,FALSE,,,Database pictures\Marine mammals\TC1260-03.JPG,
1260,5,788,S,,,,2,2,2,195.00,2,,,6,FALSE,,,Database pictures\Marine mammals\TC1260-05.JPG,
1273,2,789,S,,,,3,2,2,176.20,1,,,6,FALSE,,,,
1273,3,790,S,,,,3,2,2,128.00,2,,,,FALSE,,,,
1275,1,791,S,,,,3,2,2,1.73,2,,,6,TRUE,,,,
1277,1,796,S,,,,6,1,6,,,,,,FALSE,,Delfin. Mas de 10,,
1277,2,792,S,,,,4,2,2,95.00,2,,,8,FALSE,,sin cola,,
1285,1,798,S,,,,1,2,2,158.60,2,,,1,FALSE,,,,
1285,5,797,S,,,,1,2,2,136.60,1,,,1,FALSE,,,,
1295,6,799,S,,,,3,2,2,178.00,1,,,6,FALSE,,,,
1296,5,800,S,,,,2,2,2,1.75,2,,,6,FALSE,,,,
1300,5,801,S,,04'53.588,81'25.551,1,2,2,158.30,2,,,6,FALSE,3,,,
1300,7,802,S,,,,3,2,2,146.30,,,,6,FALSE,3,,,
1303,1,805,S,,,,1,2,2,119.10,2,,,1,FALSE,,,,
1309,2,806,S,,,,1,2,2,152.60,2,,,1,FALSE,,,,
1309,4,807,S,,,,1,2,2,122.60,1,,,1,FALSE,,,,
1309,6,808,S,,,,1,2,2,126.10,1,,,1,FALSE,,,,
1315,7,810,S,,,,1,2,2,115.00,1,,,6,FALSE,,,Database pictures\Marine mammals\TC1315-07-01.jpg,
1315,7,811,S,,,,3,2,2,220.00,1,,,6,FALSE,,,Database pictures\Marine mammals\TC1315-07-02.jpg,
1316,1,812,S,,,,,,,,,,,,FALSE,,,,
1316,1,813,S,,,,,,,,,,,,FALSE,,,,
1316,1,814,S,,,,,,,,,,,,FALSE,,,,
1316,4,815,S,,14'25,77'41,3,2,2,155.00,,,,6,FALSE,,,,
1316,4,816,S,,14'25,77'41,3,2,2,161.00,,,,6,FALSE,,,,
1317,1,817,S,,12'07,77'17,2,2,2,141.00,,,,6,FALSE,,,Database pictures\Marine mammals\TC1317-01-tonino1.JPG,Database pictures\Marine mammals\TC1317-01-tonino1b.JPG
1317,1,818,S,,12'07,77'17,2,2,2,146.00,,,,6,FALSE,,,Database pictures\Marine mammals\TC1317-01-tonino2.JPG,Database pictures\Marine mammals\TC1317-01-tonino2b.JPG
1317,1,819,S,,12'07,77'17,8,1,2,,,,,,FALSE,,cayeron 5 lobos pero no fueron medidosporque no subieron al bote,,
1318,2,824,S,,08'20.640,79'02.046,4,2,2,103.00,2,,,6,FALSE,,,Z:\Observer Database\Database pictures\Marine mammals\TC1318-01-01.JPG,
1319,6,820,S,,07'57.540,79'17.520,2,2,2,139.00,,,,8,FALSE,,,Z:\Observer Database\Database pictures\Marine mammals\TC1319-03-01.JPG,
1319,6,821,S,,07'57.540,79'17.520,2,2,2,139.00,1,,,6,FALSE,,,Z:\Observer Database\Database pictures\Marine mammals\TC1319-03-03.JPG,
1319,6,822,S,,07'57.540,79'17.520,2,2,2,82.00,2,,,6,FALSE,,,,
1320,9,825,S,rbh1617,08'23.971,79'02.273,2,2,2,176.00,1,,,8,FALSE,,,Database pictures\Marine mammals\TC1320-09-rbh1615a.JPG,Database pictures\Marine mammals\TC1322-01-tonino2.jpg
1321,8,826,S,,,,4,2,2,204.00,2,,,6,FALSE,,,,
1322,1,827,S,,,,2,2,2,150.00,1,,,,FALSE,,,Z:\Observer Database\Database pictures\Marine mammals\TC1322-01-tonino1.jpg,Z:\Observer Database\Database pictures\Marine mammals\TC1322-01-tonino2.jpg
1322,1,828,S,,,,10,,,,,,,,FALSE,,,,
1324,3,829,S,,,,1,2,2,115.00,1,,,,FALSE,,,Z:\Observer Database\Database pictures\Marine mammals\TC1324-3-Delfindealtura.jpg,
1324,5,830,S,,,,1,2,2,315.00,1,,,,FALSE,,,,
1324,7,831,S,,,,1,2,2,220.00,1,,,,FALSE,,,,
1336,3,832,S,,,,10,,,,,,,,FALSE,,no se reportaron datos,,
1336,3,833,S,,,,10,,,,,,,,FALSE,,no datos reportados,,
1336,5,834,S,,,,10,1,,,,,,,FALSE,,no se reportaron datos.. El lobo fue asesinado en la embarcacion,,
1339,1,835,S,,,,1,2,2,210.00,1,,,6,FALSE,2,,Z:\Observer Database\Database pictures\Marine mammals\TC1339-1-delfines-a.JPG,Z:\Observer Database\Database pictures\Marine mammals\TC-1339-1-delfines-b.JPG
1339,1,836,S,,,,4,2,2,103.00,1,,,6,FALSE,,,,
1341,7,837,S,rbh1616,09'13.551,79'21.613,1,2,2,151.00,2,,,1,FALSE,,,,
1347,5,838,S,,06'45.080,80'18.600,5,1,2,14.00,,,,5,FALSE,,especie: ballena jororbada. Se llevo 4 paños. Media entre 13 a 15 metros,,
1349,6,839,S,,,,8,2,2,,1,,,6,FALSE,,,,
1351,2,840,SUP,rbh1618,08'29.689,79'17.330,1,2,2,196.00,1,,,1,TRUE,,,,
1357,4,841,S,,06'23.709,80'37.027,10,2,2,1.80,,,,6,FALSE,,se solto antes de subir al bote,,
1360,4,842,S,,,,1,2,2,233.00,1,,,6,FALSE,,,,
1364,4,843,S,,03'38.880,80'59.606,1,2,2,168.00,,,,6,FALSE,,,,
1364,4,844,S,,03'35.930,80'54.607,1,1,6,,,,,,FALSE,,,,
1368,3,845,S,,,,10,2,2,180.00,1,,,6,FALSE,,,Z:\Observer Database\Database pictures\Marine mammals\TC1363-L3-LOBO.JPG,
1371,1,846,S,NAP081,09'34.762,81'15.412,10,1,6,,,,,,FALSE,,,,
1372,2,848,S,,07'57.721,79'29.876,10,1,,,1,,,5,FALSE,,,,
1372,3,849,S,,08'02.191,79'48.672,5,1,2,,,,,5,FALSE,,ballena jorobada,,
1372,4,850,S,ebh91,08'03.550,80'00.402,1,2,2,176.00,1,,,1,FALSE,,y una parte se comio en el bote,Database pictures\Marine mammals\TC1372-4-ebh92a.JPG,Database pictures\Marine mammals\TC1372-4-ebh92b.JPG
1372,4,1020,S,,,,1,1,6,,,,,,FALSE,,,,
1372,4,1021,S,,,,1,1,6,,,,,,FALSE,,,,
1372,7,847,S,ebh92,08'32.940,79'52.803,11,2,2,,1,,,6,FALSE,,,Database pictures\Marine mammals\TC1372-4-ebh92a.JPG,Database pictures\Marine mammals\TC1371-7-ebh91b.JPG
1372,7,851,S,,08'32.940,79'52.803,1,2,2,205.00,1,,1,3,FALSE,,se llevo para comer en casa,,
1372,8,852,S,,08'33.765,79'34.814,7,1,2,,,,,5,FALSE,,,,
1373,1,853,S,nap078,,,1,2,2,97.00,1,,,6,TRUE,2,,Z:\Observer Database\Database pictures\Marine mammals\TC1373-1-nap078a.JPG,Z:\Observer Database\Database pictures\Marine mammals\TC1373-1-nap078b.JPG
1373,2,854,S,nap079,05'59.818,82'38.683,1,2,2,106.00,1,,,6,TRUE,2,,Z:\Observer Database\Database pictures\Marine mammals\TC1373-2-nap079a.JPG,Z:\Observer Database\Database pictures\Marine mammals\TC1373-2-nap079b.JPG
1373,4,855,S,nap080,05'35.530,82'03.495,1,2,2,103.00,1,,,6,TRUE,2,,Z:\Observer Database\Database pictures\Marine mammals\TC1373-4-nap080a.JPG,Z:\Observer Database\Database pictures\Marine mammals\TC1373-4-nap080b.JPG
1376,5,856,S,rbh1619,09'40.971,79'43.647,1,2,2,172.00,1,,,1,TRUE,,,Database pictures\Marine mammals\TC1376-5-rbh1619b.JPG,Database pictures\Marine mammals\TC1376-5-rbh1619b.JPG
1377,3,857,S,,09'39.392,79'41.696,1,2,2,162.00,1,,,1,FALSE,,,Z:\Observer Database\Database pictures\Marine mammals\TC1377-3-delfinloco.JPG,
1377,3,858,S,,09'39.392,79'41.696,1,2,2,104.00,2,,,1,FALSE,,,,
1379,2,859,S,,09'01.065,79'20.586,1,2,2,,,,,1,FALSE,,,,
1379,2,860,S,,09'01.065,79'20.586,10,1,2,,,,,,FALSE,,,,
1379,4,861,S,,09'09.840,78'51.740,2,2,2,,,,,1,FALSE,,,,
1379,4,862,S,,09'09.840,78'51.740,10,1,2,,,,,,FALSE,,,,
1380,1,863,C,rbh1619,08'48.616,79'19.037,1,2,2,220.00,2,,,1,FALSE,,,Z:\Observer Database\Database pictures\Marine mammals\TC1380-01-rbh1619.JPG,
1380,2,864,S,delfin1,08'59.284,79'10.869,1,2,2,103.00,1,,,1,FALSE,,,Z:\Observer Database\Database pictures\Marine mammals\TC1380-02-delfin1.JPG,
1380,4,865,C,rbh1620,09'22.160,79'03.965,1,2,2,,2,,,6,FALSE,,,,
1380,7,866,C,rbh1621,09'15.259,79'12.365,1,2,2,193.00,1,,,1,FALSE,,,Z:\Observer Database\Database pictures\Marine mammals\TC1380-07-rbh1621.JPG,
1381,3,867,S,,03'33.740,80'42.915,5,1,6,,,,,,FALSE,,"cachalote, avistado con redes en la cola",,
1405,1,868,S,,03'33.740,80'42.990,5,1,6,,,,,,FALSE,,"cachalote, tenia redes en la cola",,
1406,2,870,S,,03'32.349,80'10.803,5,1,6,,,,,,FALSE,,ballena jorobada 3,,
1406,5,869,S,,03'28.905,81'01.748,5,1,6,,,,,,FALSE,,ballena jorobada 4,,
1408,7,871,S,,08'17.750,80'10.984,4,2,2,98.00,1,,,1,FALSE,,,Z:\Observer Database\Database pictures\Marine mammals\TC1408-7-delfin1.JPG,Z:\Observer Database\Database pictures\Marine mammals\TC1408-7-delfin1b.JPG
1409,3,872,S,,07'53.824,80'39.450,1,2,2,163.00,1,,,1,FALSE,,,Z:\Observer Database\Database pictures\Marine mammals\TC1409-3-Delfin1.JPG,Z:\Observer Database\Database pictures\Marine mammals\TC1409-3-Delfin2.JPG
1412,2,892,S,,,,1,2,2,190.00,1,,,1,FALSE,,,,
1412,8,893,S,,,,1,2,2,147.00,2,,,1,FALSE,,,,
1425,8,873,S,,,,10,2,2,150.00,,,,6,FALSE,,,,
1427,1,874,S,,08'41.318,79'30.373,1,2,2,223.00,2,,,1,FALSE,,,Z:\Observer Database\Database pictures\Marine mammals\TC1427-01- delfin1a.JPG,Z:\Observer Database\Database pictures\Marine mammals\TC1427-01- delfin1b.JPG
1427,4,875,C,rbh1622,09'10.202,80'04.608,1,2,2,148.00,2,,,1,TRUE,,,Z:\Observer Database\Database pictures\Marine mammals\TC1427-3-rbh1622a.JPG,Z:\Observer Database\Database pictures\Marine mammals\TC1427-3-rbh1622b.JPG
1427,10,876,S,rbh1623,08'21.605,79'47.768,1,2,2,172.00,1,,,1,FALSE,,,Z:\Observer Database\Database pictures\Marine mammals\TC1427-10-rbh1623a.JPG,Z:\Observer Database\Database pictures\Marine mammals\TC1427-10-rbh1623b.JPG
1429,5,877,S,rbh1625,08'26.142,79'13.088,1,2,2,197.00,1,,,1,TRUE,,,Database pictures\Marine mammals\TC1429-5-rbh1626a.JPG,Database pictures\Marine mammals\TC1429-5-rbh1626b.JPG
1433,3,880,S,,06'39.000,83'45.000,1,1,2,110.00,1,,,,FALSE,,,,
1433,5,879,S,,06'59.000,83'16.000,1,1,2,90.00,1,,,,FALSE,,,,
1433,7,878,S,,07'07.000,83'12.000,1,2,2,85.00,1,,,,FALSE,,,,
1439,2,883,S,,,,1,2,2,,,,,,FALSE,,,Z:\Observer Database\Database pictures\Sea turtles\TC1439-2-tortuga1.JPG,
1455,6,886,S,,,,10,2,2,185.00,1,,,6,TRUE,,,Z:\Observer Database\Database pictures\Marine mammals\TC1455-06-886.JPG,
1463,3,889,S,PPA11,11'40.425,78'11.124,1,2,2,127.00,1,,,6,FALSE,,,Database pictures\Marine mammals\TC1463-7-PPA11.JPG,
1463,7,888,S,PPA12,11'51.9922,78'14.119,4,2,2,141.00,1,,,6,TRUE,,,Database pictures\Marine mammals\TC1463-7-PPA12.JPG,
1463,8,887,S,PPA13,11'43.138,78'20.181,1,2,2,218.00,1,,,4,TRUE,,,Database pictures\Marine mammals\TC1463-8-PPA13.JPG,
1468,6,890,S,,,,8,2,2,330.00,2,,,6,TRUE,,,,
1468,6,891,S,,,,8,2,2,215.00,1,,,6,TRUE,,,,
1471,3,894,S,,,,2,2,2,150.00,2,,,6,FALSE,,,Z:\Observer Database\Database pictures\Marine mammals\TC1471-03-marsopamuerta-a.JPG,Z:\Observer Database\Database pictures\Marine mammals\TC1471-03-marsopamuerta-b.JPG
1471,4,895,S,,,,3,1,2,,,,,5,FALSE,,,Z:\Observer Database\Database pictures\Marine mammals\TC1471-04-marsopa 1 viva.AVI,
1477,5,896,S,896,,,1,2,2,191.00,2,,,6,TRUE,,,Database pictures\Marine mammals\TC1477-05-896-1.JPG,Database pictures\Marine mammals\TC1477-05-896-2.JPG
1485,1,897,S,,,,2,1,2,185.00,,,,5,FALSE,,se libero antes de subir al bote,,
1486,2,900,S,PPA22,11'47.138,78'19.045,1,2,2,110.00,1,,,6,TRUE,,,,
1486,6,898,S,PPA23,11'36.499,78'35.316,1,2,2,115.00,1,,,6,TRUE,,,Z:\Observer Database\Database pictures\Marine mammals\TC1486-L6-Loco1.JPG,
1486,6,899,S,,11'36.499,11'36.499,1,2,2,98.00,1,,,6,FALSE,,,Z:\Observer Database\Database pictures\Marine mammals\TC1486-L6-Loco1.JPG,
1487,6,901,S,PPA25,12'25.398,77'58.720,2,2,2,122.00,1,,,6,TRUE,,,,
1489,4,902,S,,12'54.983,79'12.139,1,2,2,120.00,2,,,6,TRUE,,,Z:\Observer Database\Database pictures\Marine mammals\TC1489-4-PPA27.JPG,
1490,5,903,S,PPA28,12'57.790,78'43.000,1,2,2,154.00,2,,,6,FALSE,,,Z:\Observer Database\Database pictures\Marine mammals\TC1490-5-PPA28a.JPG,Z:\Observer Database\Database pictures\Marine mammals\TC1490-5-PPA28b.JPG
1491,2,904,S,,12'16.465,78'23.577,1,2,2,96.00,1,,,6,TRUE,2,,Z:\Observer Database\Database pictures\Marine mammals\TC1491_LC02_LOCO_01.JPG,Z:\Observer Database\Database pictures\Marine mammals\TC1491_LC2_LOCO_02.JPG
1494,1,905,S,,13'38.385,76'30.417,2,2,2,145.60,1,,,6,FALSE,,,,
1494,1,906,S,,13'38.385,13'38.385,2,2,2,166.10,2,,,,FALSE,,,,
1495,6,907,S,,11'29.697,78'25.241,1,2,2,58.00,2,,,6,TRUE,,,Z:\Observer Database\Database pictures\Marine mammals\TC1459-6-PPA32.JPG,
1499,4,908,S,PPA36,12'54.550,78'14.327,1,2,2,141.00,2,,,6,TRUE,,,Z:\Observer Database\Database pictures\Marine mammals\TC1499-4-PPA36a.JPG,Z:\Observer Database\Database pictures\Marine mammals\TC1499-4-PPA36b.JPG
1499,4,909,S,,,,,,,,,,,,FALSE,,,,
1499,4,910,S,,12'54.550,78'14.327,11,2,2,,,,,6,FALSE,,"no se midio, ni tomo muestra",Z:\Observer Database\Database pictures\Marine mammals\TC1499-4-lobo fino1.JPG,Z:\Observer Database\Database pictures\Marine mammals\TC1499-4-lobo fino1.JPG
1499,6,911,S,,12'51.333,78'13.127,1,2,2,,,,,6,FALSE,,se descolgo de la red,,
1502,4,912,S,,03'34.311,81'19.573,5,1,6,,,,,,FALSE,,"fueron orcas, avistadas aproximadamente a las 7:43 am",:,
1505,2,913,S,,,,2,2,2,138.00,,,,6,FALSE,,,,
1506,3,914,S,,,,1,2,2,140.00,,,,6,FALSE,,,,
1511,3,915,S,,,,3,2,2,165.00,2,,,6,TRUE,,,Z:\Observer Database\Database pictures\Marine mammals\TC1511-3-Mamifero 915 (1).JPG,Z:\Observer Database\Database pictures\Marine mammals\TC1511-3-Mamifero 915 (2).JPG
1533,4,916,S,916,,,1,2,2,,,,,1,FALSE,,no se pudo medir,,
1533,5,917,S,917,,,1,2,2,220.00,,,,1,FALSE,,,,
1533,6,918,S,918,,,1,2,2,178.00,,,,1,FALSE,,,,
1536,9,919,S,,08'08.617,79'44.902,1,2,2,119.00,2,,,,FALSE,,,,
1537,1,920,S,,,,3,2,2,165.00,2,,,6,TRUE,,,,
1538,7,921,S,,11'14.520,78'28.856,5,1,2,,,,,5,FALSE,,ballena jorobada,,
1543,3,923,S,,,,,,,,,,,,FALSE,,,,
1543,4,922,S,,08'16.488,80'46.133,1,2,1,119.00,1,,,1,FALSE,,,Database pictures\Marine mammals\TC1543-4-loco.JPG,
1543,5,924,S,,08'14.367,81'01.709,1,1,2,120.00,2,,,1,FALSE,,,Database pictures\Marine mammals\TC1543-5-loco.JPG,
1543,5,925,S,,08'14.367,81'01.709,2,1,1,174.00,2,,,1,FALSE,,,Database pictures\Marine mammals\TC1543-5-toninos.a.JPG,
1543,5,926,S,,08'14.367,81'01.709,2,1,1,181.00,2,,,1,FALSE,,,Database pictures\Marine mammals\TC1543-5-toninosb.JPG,
1544,2,928,S,,08'33.718,79'38.088,1,2,2,158.00,1,,,1,FALSE,,,Database pictures\Marine mammals\TC1544-2-loco.JPG,
1544,2,929,S,,08'33.718,79'38.088,1,2,2,155.00,2,,,1,FALSE,,,Database pictures\Marine mammals\TC1544-2-loco.JPG,
1544,3,927,S,,08'20.026,79'48.198,5,1,,,,,,,FALSE,,ballena jorobada. Se llevo 5 luces.,,
1544,7,930,C,,07'56.107,79'55.346,1,2,2,134.00,1,,,1,FALSE,,,Database pictures\Marine mammals\TC1544-7-loco.JPG,
1544,7,931,S,,07'56.107,79'55.346,4,2,2,218.00,,,,1,FALSE,,,,
1545,3,932,S,932,,,8,2,2,195.00,1,,,6,TRUE,,,Z:\Observer Database\Database pictures\Marine mammals\TC1545 - 03-Mamifero 932 (1).JPG,Z:\Observer Database\Database pictures\Marine mammals\TC1545-03-Mamifero 932 (2).JPG
1545,3,933,S,933,,,8,2,2,200.00,1,,,6,TRUE,,,Z:\Observer Database\Database pictures\Marine mammals\TC1545-03-Mamifero 933 (1).JPG,Z:\Observer Database\Database pictures\Marine mammals\TC1545-03-Mamifero 933 (2).JPG
1558,2,936,S,,08'27.012,79'46.483,3,2,2,176.00,1,,,1,FALSE,,,Z:\Observer Database\Database pictures\Marine mammals\TC1558-2-oscuros.JPG,
1558,2,937,S,,08'27.012,79'46.483,3,2,2,180.00,1,,,1,FALSE,,,,
1558,3,934,C,,,,,,,,,,,,FALSE,,,,
1558,3,935,S,,,,,,,,,,,,FALSE,,,,
1558,5,938,S,,08'22.867,79'50.568,1,1,1,167.00,2,,,1,FALSE,,,Z:\Observer Database\Database pictures\Marine mammals\TC1558-5-loco.JPG,
1559,2,939,C,,08'10.724,79'34.536,3,2,2,194.00,2,,,1,FALSE,,,Z:\Observer Database\Database pictures\Marine mammals\TC1559-2-oscuro.JPG,
1559,2,940,S,,08'10.724,79'34.536,3,2,2,192.00,2,,,1,FALSE,,,,
1560,7,941,S,rbh1649,08'28.431,79'07.050,2,2,2,181.00,2,,,1,TRUE,,,Z:\Observer Database\Database pictures\Marine mammals\TC1560-7-rbh1631.JPG,
1560,7,942,C,rbh1650,08'28.431,79'07.050,3,2,2,189.00,1,,,1,TRUE,,,Z:\Observer Database\Database pictures\Marine mammals\TC1560-7-rbh1632.JPG,
1560,7,944,S,,,,,,,,,,,,FALSE,,,,
1560,10,945,S,rbh1651,08'21.228,79'13.569,3,2,2,,2,,,1,FALSE,,,,
1564,4,946,C,,,,1,2,2,160.00,2,,,6,TRUE,,,Z:\Observer Database\Database pictures\Marine mammals\TC1564-4-Mamifero 946 (1).db,Z:\Observer Database\Database pictures\Marine mammals\TC1564-4-Mamifero 946 (2).JPG
1565,2,947,S,,,,1,2,,140.00,,,,,FALSE,,,,
1566,7,948,S,,,,1,2,2,98.00,1,,,6,TRUE,,,,
1567,3,949,S,,08'07.638,79'46.878,3,2,2,183.00,1,,,1,FALSE,,,,
1567,3,950,S,,,,3,2,2,202.00,1,,,1,FALSE,,,,
1575,5,951,S,,,,2,2,2,143.00,,,,3,FALSE,,,,
1577,3,952,S,,,,2,2,2,154.00,1,,,6,FALSE,,,,
1578,5,953,C,rbh1629,07'37.007,80'38.789,3,2,2,,1,,,6,TRUE,,,Z:\Observer Database\Database pictures\Marine mammals\TC1578-5-rbh1629.JPG,
1578,5,954,S,,,,,,,,,,,,FALSE,,,,
1578,5,955,S,,,,,,,,,,,,FALSE,,,,
1578,7,961,S,rbh1630,07'36.848,80'40.584,1,2,2,185.00,2,,,6,TRUE,,,Z:\Observer Database\Database pictures\Marine mammals\TC1578-7-rbh1630.JPG,
1579,5,956,S,,12'46.965,79'06.321,1,2,2,112.00,,,,6,TRUE,,,Z:\Observer Database\Database pictures\Marine mammals\TC1579-5-PPA44.JPG,
1580,8,957,S,,11'54.080,78'43.861,1,2,2,142.00,1,,,6,TRUE,,,Z:\Observer Database\Database pictures\Marine mammals\TC1580-8-loco1.JPG,
1582,4,959,C,,07'21.706,80'47.023,3,2,2,189.00,2,,,1,TRUE,,,Z:\Observer Database\Database pictures\Marine mammals\TC1582-4-rbh1635.JPG,
1582,5,958,S,,07'03.690,80'55.443,2,2,2,153.00,1,,,1,TRUE,,,Z:\Observer Database\Database pictures\Marine mammals\TC1582-5-rbh1636.JPG,
1582,9,960,S,,07'13.250,81'13.128,3,2,2,177.00,1,,,1,TRUE,,,Z:\Observer Database\Database pictures\Marine mammals\TC1582-9-rbh1637.JPG,
1589,7,962,S,,05´34.020,81´01.220,5,,6,,,,,,FALSE,,ballena (1 individuo) / Hora: 13:05 / Fecha: 04/12/2016,,
1596,6,963,C,,07'49.683,80'29.013,3,2,2,169.00,1,,,1,FALSE,,,Z:\Observer Database\Database pictures\Marine mammals\TC1596-6-chancho.JPG,
1596,6,964,C,,07'49.683,80'29.013,3,2,2,203.00,2,,,6,FALSE,,,Z:\Observer Database\Database pictures\Marine mammals\TC1596-6-chancho2.JPG,
1596,6,965,,,,,,,,,,,,,FALSE,,,,
1597,4,966,S,,12'30.043,78'33.095,1,2,2,124.00,1,,,6,FALSE,,,Z:\Observer Database\Database pictures\Marine mammals\TC1597-4-loco1.JPG,
1597,6,967,S,,12'31.900,78'37.160,1,2,2,161.00,1,,,6,FALSE,,,Z:\Observer Database\Database pictures\Marine mammals\TC1597-6-loco.JPG,
1598,4,968,S,PPA46,12'51.001,77'50.607,1,2,2,110.00,1,,,6,FALSE,,,Database pictures\Marine mammals\TC1598-4-PPA46.JPG,
1598,8,969,S,PPA47,12'40.544,78'13.180,1,2,2,124.00,1,,,6,FALSE,,,Database pictures\Marine mammals\TC1598-8-PPA47.JPG,
1598,12,970,S,PPA48,12'09.620,78'15.325,4,2,2,155.00,1,,,6,FALSE,,,Database pictures\Marine mammals\TC1598-12-PPA48.JPG,
1601,1,971,S,,06.35.661,80.22.046,5,1,6,,,,,,FALSE,,,,
1601,3,972,S,,06.25.660,80.37.467,4,1,6,,,,,,FALSE,,,,
1602,1,973,S,,,,8,2,2,1.42,1,,,6,FALSE,,,,
1603,5,974,S,PPA50,12'07.550,78'13.650,1,2,2,48.00,1,,,6,TRUE,,,Z:\Observer Database\Database pictures\Marine mammals\TC1603-5-PPA50.JPG,
1604,3,975,S,,13'09.550,78'04.488,4,2,2,170.00,1,,,6,TRUE,,,Z:\Observer Database\Database pictures\Marine mammals\TC1604-3-PPA53.JPG,
1604,6,976,S,,12'21.152,78'21.900,1,2,2,108.00,1,,,6,TRUE,,,Z:\Observer Database\Database pictures\Marine mammals\TC1604-6-PPA54.JPG,
1606,6,977,S,,,,10,2,2,141.00,1,,,6,FALSE,,,Z:\Observer Database\Database pictures\Marine mammals\TC1606-6-Lobo 977 (1).JPG,Z:\Observer Database\Database pictures\Marine mammals\TC1606-6-Lobo 977 (2).JPG
1622,1,978,S,,,,,,,,,,,,FALSE,,,,
1622,5,979,S,rbh1640,09'20.980,79'56.674,1,2,2,166.00,1,,,6,TRUE,2,,Z:\Observer Database\Database pictures\Marine mammals\TC1622_5_rbh1640_a.jpg,Z:\Observer Database\Database pictures\Marine mammals\TC1622_5_rbh1640_b.jpg
1627,10,980,S,PPA56,12'09.105,78'25.310,1,2,2,149.00,1,,,6,TRUE,,,Database pictures\Marine mammals\TC1627-10-PPA.JPG,
1627,10,984,S,,12'04.441,78'24.067,5,1,2,,,,,5,FALSE,,Delfin Risso,Database pictures\Marine mammals\TC1627-10-delfin risso.JPG,
1628,12,985,S,PPA58,12'28.200,79'00.100,5,2,2,,,,,6,TRUE,,cachalote pigmeo. K. sima,Database pictures\Marine mammals\TC1628-12-PPA58.JPG,
1632,2,982,m,,13'35.230,76'25.198,8,1,2,,1,,,5,FALSE,,se solto vivo pero con lesiones en hocico y cabeza,,
1632,2,983,S,,13'35.230,76'25.198,8,1,2,,,,,5,FALSE,,vivo pero con lesiones en hocico y cabeza,,
1632,3,981,S,,13'34.585,76'21.995,8,1,2,,1,,,5,FALSE,,"se devolvio vivo al mar, pero los pescadores lo golpearon en la cabeza y hocico ocasionando lesiones",,
1633,8,988,S,PPA60,11'56.200,78'18.150,1,2,2,135.00,2,,,6,TRUE,,,Z:\Observer Database\Database pictures\Marine mammals\TC1633-8-PPA61.JPG,
1633,9,987,S,,12'10.700,78'05.100,1,2,2,128.00,2,,,6,TRUE,,,Z:\Observer Database\Database pictures\Marine mammals\TC1633-9-PPA62.JPG,
1633,10,986,S,,12'08.617,78'04.930,1,2,2,110.00,1,,,6,FALSE,,,,
1640,6,989,S,PPA66,13'54.254,77'36.294,1,2,2,110.00,1,,,6,TRUE,,,Database pictures\Marine mammals\TC1640-6-PPA66.JPG,
1640,7,990,S,PPA67,13'41.300,77'52.280,1,2,2,156.00,2,,,6,TRUE,,,Database pictures\Marine mammals\TC1640-7-PPA67.JPG,
1643,6,991,S,PPA68,12'57.886,77'53.566,3,2,2,1.27,1,,,6,TRUE,,,Database pictures\Marine mammals\TC1643-6-chancho.JPG,
1643,6,992,S,PPA69,12'57.886,77'53.566,3,2,2,1.62,1,,,6,TRUE,,,Database pictures\Marine mammals\TC1643-6-chancho.JPG,
1643,8,993,S,PPA70,12'23.360,77'28.815,1,2,2,1.51,1,,,,TRUE,,,,
1647,3,994,S,,,,4,2,2,109.00,2,,,3,FALSE,,,,
1650,2,995,S,PPA72,11'33.617,78'25.774,4,2,2,211.00,1,,,6,TRUE,,,Z:\Observer Database\Database pictures\Marine mammals\TC1650-2-PPA72.JPG,
1650,6,996,S,PPA73,11'02.314,78'27.280,4,2,2,156.00,1,,,6,TRUE,,,Z:\Observer Database\Database pictures\Marine mammals\TC1650-6-PPA73.JPG,
1650,7,997,S,PPA74,11'52.828,78'30.350,3,2,2,127.00,,,,6,TRUE,,,Z:\Observer Database\Database pictures\Marine mammals\TC1650-7-PPA74.JPG,
1650,11,998,S,PPA75,11'24.267,78'13.521,5,2,2,107.00,2,,,6,TRUE,,Spp: Delphinus sp,Z:\Observer Database\Database pictures\Marine mammals\TC1650-11-PPA75.JPG,Z:\Observer Database\Database pictures\Marine mammals\TC1650-11-PPA75 (2).JPG
1654,1,999,C,,08'07.014,79'21.735,2,2,2,110.00,2,,,4,FALSE,,,,
1654,7,1000,S,,07'51.081,79'23.939,2,2,2,120.00,2,,,4,FALSE,,,,
1654,7,1001,S,,07'51.081,79'23.939,2,1,2,1130.00,1,,,4,FALSE,,,,
1655,5,1002,S,,06'54.895,81'07.690,1,2,2,121.00,2,,,6,TRUE,,,,
1657,4,1003,S,PPA78,12'58.100,78'02.425,1,2,2,93.00,1,,,6,TRUE,,,,
1657,7,1004,C,PPA79,12'38.200,77'58.407,1,2,2,179.00,1,,,6,TRUE,,,,
1657,8,1005,S,PPA80,12'33.100,77'56.133,1,2,2,153.00,2,,,6,TRUE,,,,
1659,7,1006,C,RBH1645,07'41.145,080'53.194,1,2,2,122.00,1,,,6,TRUE,,,Database pictures\Marine mammals\TC1659-6-RBH1645a.JPG,
1660,2,1007,S,,06'39.639,80'10.796,2,2,2,120.00,2,,,3,FALSE,,,,
1662,2,1011,S,,07'03.445,80'30.208,10,2,2,,,,,6,FALSE,,,Z:\n&e&n&a\Fotos\Viajes\San Jose\2017\Papelio\TC-1662 - Papelio\DSC00043.JPG,Z:\n&e&n&a\Fotos\Viajes\San Jose\2017\Papelio\TC-1662 - Papelio\DSC00042.JPG
1663,6,1008,C,1008,06'28.113,80'26.999,,2,2,146.00,2,,,3,FALSE,,,,
1666,2,1016,S,,06'45.590,80'58.805,1,2,2,,,,,,FALSE,,,,
1666,3,1017,S,,,,8,1,6,,,,,,FALSE,,,,
1666,4,1018,S,,,,8,1,6,,,,,,FALSE,,,,
1666,6,1012,S,,06'40.858,80'51.083,1,2,2,,,,,6,FALSE,,,Z:\n&e&n&a\Fotos\Viajes\San Jose\2017\Jose Manuel\TC-1666 - Jose Manuel\IMG_20170410_104708.jpg,Z:\n&e&n&a\Fotos\Viajes\San Jose\2017\Jose Manuel\TC-1666 - Jose Manuel\IMG_20170410_104728.jpg
1666,6,1019,S,,,,1,2,2,,,,,,FALSE,,,,
1667,1,1009,C,1009,,,10,2,2,161.00,2,,,6,FALSE,,,Z:\n&e&n&a\Fotos\Viajes\San Jose\2017\Rusbert\TC-1667 - Rusbert\DSC04058.JPG,Z:\n&e&n&a\Fotos\Viajes\San Jose\2017\Rusbert\TC-1667 - Rusbert\DSC04059.JPG
1667,2,1015,C,,,,,,,,,,,,FALSE,,,,
1667,4,1013,S,,06'33.828,80'43.735,10,2,2,,,,,6,FALSE,,,,
1669,5,1014,S,,06'34.666,80'23.617,10,1,1,,,,,6,FALSE,,,Z:\n&e&n&a\Fotos\Viajes\San Jose\2017\Rusbert\TC-1669 - Rusbert\DSC04143.JPG,
1671,4,1010,S,,,,9,2,2,176.00,1,,,6,FALSE,,Risso's dolphin,Z:\n&e&n&a\Fotos\Viajes\Tumbes\2017\Brady\TC - 1671-Brady\Mamifero 1010 (10).jpg,Z:\n&e&n&a\Fotos\Viajes\Tumbes\2017\Brady\TC - 1671-Brady\Mamifero 1010 (2).jpg
1678,4,1022,S,,07'08.858,80'01.338,1,2,2,204.00,2,,,6,FALSE,,,,
1680,2,1025,S,PPA85,12'27.070,77'45.503,1,2,2,141.00,1,,,6,TRUE,,,Database pictures\Marine mammals\TC1680-2-PPA85.JPG,
1680,6,1026,S,PPA86,11'20.112,70'29.900,1,2,2,110.00,1,,,6,TRUE,,,Database pictures\Marine mammals\TC1680-6-PPA86.JPG,
1680,6,1027,S,PPA87,,,3,2,2,145.00,1,,,6,TRUE,,,Database pictures\Marine mammals\TC1680-6-PPA87.JPG,
1681,3,1023,S,PPA83,12'45.300,78'06.280,1,2,2,138.00,1,,,6,TRUE,,,Database pictures\Marine mammals\TC1681-3-PPA84.JPG,
1681,5,1028,S,,,,,,,,,,,,FALSE,,,,
1681,7,1024,S,PPA84,12'09.104,78'11.701,1,2,2,146.00,1,,,,TRUE,,,Database pictures\Marine mammals\TC1681-7-PPA83.JPG,
1693,3,1029,S,,10'52.630,78'16.100,11,2,2,132.00,1,,,6,TRUE,,,,
1693,3,1030,S,,,,,,,,,,,,FALSE,,,,
1693,11,1031,S,,11'51.998,78'14.333,6,2,2,149.00,,,,6,FALSE,,,,
1697,9,1033,S,,13'8.9150,76'24.3067,10,2,2,129.00,1,,,6,FALSE,3,,Database pictures\Marine mammals\TC1697_09_lobochusco_a.jpg,Database pictures\Marine mammals\TC1697_09_lobochusco_b.jpg
1697,10,1032,S,JQ272,13'9.7333,76'24.0066,2,2,2,131.50,1,,,3,TRUE,,,,
1698,3,1039,C,,09'08.424,79'30.738,10,1,2,,1,,,5,FALSE,,,,
1698,4,1040,S,,09'10.265,79'12.937,1,2,2,212.00,2,,,1,FALSE,,,,
1698,9,1036,S,,07'53.557,79'36.277,1,2,2,165.00,1,,,1,TRUE,,,,
1698,10,1037,C,,07'48.839,79'24.576,2,2,2,161.00,2,,,4,FALSE,,,,
1698,10,1038,C,,07'48.839,79'24.576,2,2,2,167.00,2,,,4,FALSE,,,,
1698,11,1034,C,,08'01.214,79'25.775,2,2,,168.00,1,,,4,TRUE,,,,
1698,11,1035,S,,08'01.214,79'25.775,2,2,2,11.00,2,,,4,TRUE,,,,
1706,4,1041,S,1041,,,8,2,2,,,,,6,FALSE,,,,
1707,5,1042,S,1042,,,10,2,2,147.00,1,,,6,FALSE,3,,Z:\Observer Database\Database pictures\Marine mammals\TC1707_5_lobochuscoa.JPG,Z:\Observer Database\Database pictures\Marine mammals\TC1707_5_lobochuscob.JPG
1713,5,1043,S,,,,8,2,2,,,,,6,FALSE,,,,
1719,1,1045,S,,08'57.814,79'42.917,3,2,2,145.00,1,,,1,FALSE,,,,
1719,2,1044,S,,09'07.882,79'51.412,3,2,2,178.00,2,,,2,FALSE,,,Z:\Observer Database\Database pictures\Marine mammals\TC1719-2-oscuro.JPG,
1719,5,1046,S,,08'51.368,79'54.039,1,2,2,146.00,1,,,1,FALSE,,,Z:\Observer Database\Database pictures\Marine mammals\TC1719-3-loco.JPG,
1719,5,1047,S,,08'51.368,79'54.039,1,2,2,145.00,1,,,1,FALSE,,,,
1720,4,1048,S,RBH1651,07'59.080,81'20.798,1,2,2,178.00,2,,,1,TRUE,,,Z:\Observer Database\Database pictures\Marine mammals\TC1720-4-RBH1651.JPG,
1720,6,1049,S,RBH1652,08'11.495,81'03.140,1,2,2,153.00,1,,,1,TRUE,,,,
1727,2,1050,S,1050,,,10,2,2,138.00,2,,,6,TRUE,,,,
1728,6,1051,S,1051,,,10,2,2,139.00,2,,,6,TRUE,,,,
1734,2,1052,S,1052,,,10,2,2,164.00,,,,6,FALSE,,,,
1740,8,1053,S,,,,10,2,2,125.00,2,,,6,TRUE,,,,
1740,8,1054,S,,,,10,2,2,,,,,,FALSE,,,,
1740,8,1055,S,,,,10,2,2,,,,,,FALSE,,,,
1740,8,1056,S,,,,10,2,2,,,,,,FALSE,,,,
1749,1,1057,S,,,,2,2,2,138.00,,,,6,FALSE,,"se saco un pedazo para la comida, el resto de devolvio muerto al mar",Z:\n&e&n&a\Fotos\Viajes\San Jose\2017\Ronald\TC-1749 - Ronald\Mamifero 1057 (1).jpg,Z:\n&e&n&a\Fotos\Viajes\San Jose\2017\Ronald\TC-1749 - Ronald\Mamifero 1057 (3).jpg
1757,6,1058,S,,,,3,2,2,185.20,,,,6,TRUE,,,Z:\n&e&n&a\Fotos\Viajes\San Jose\2017\Jose Manuel\TC-1757 - Jose Manuel\Mamifero 1058 (1).jpg,Z:\n&e&n&a\Fotos\Viajes\San Jose\2017\Jose Manuel\TC-1757 - Jose Manuel\Mamifero 1058 (2).jpg
1757,6,1059,S,,,,8,2,2,,,,,6,TRUE,,fueron 2 individuos,,
1762,3,1060,S,1060,,,2,2,2,126.30,1,,,8,TRUE,,,Z:\n&e&n&a\Fotos\Viajes\San Jose\2017\Jose Manuel\TC-1762 - Jose Manuel\WhatsApp Image 2017-12-17 at 5.00.49 PM.jpeg,
1762,3,1061,S,1061,,,2,2,2,171.60,2,70.00,,8,TRUE,,,Z:\n&e&n&a\Fotos\Viajes\San Jose\2017\Jose Manuel\TC-1762 - Jose Manuel\WhatsApp Image 2017-12-17 at 5.00.48 PM(1).jpeg,
1763,7,1062,S,,08'28.991,80'36.258,1,2,2,146.00,1,,,1,FALSE,,,,
1763,7,1063,S,,08'28.991,80'36.258,1,2,2,142.00,1,,,1,FALSE,,,,
1765,2,1064,S,,08'16.246,80'20.948,1,2,2,162.00,2,,,1,FALSE,,,Database pictures\Marine mammals\TC1765-2-loco.jpeg,
1765,5,1065,S,,08'43.063,80'57.313,1,2,2,157.00,2,,,1,FALSE,,,Database pictures\Marine mammals\TC1765-5-loco.jpeg,
1768,9,1066,S,,09'33.448,80'15.645,4,2,2,123.00,1,,,1,FALSE,,,Database pictures\Marine mammals\TC1768-9-bufeo.jpeg,
1772,3,1067,S,1067,,,1,2,2,,,,,6,FALSE,,,,
1772,3,1068,S,1068,,,1,2,2,,,,,6,FALSE,,,,
1772,5,1069,S,1069,,,1,2,2,,,,,6,FALSE,,,,
1772,5,1070,S,1070,,,1,2,2,,,,,6,FALSE,,,,
1772,5,1071,S,1071,,,2,2,2,,,,,6,FALSE,,,,
1772,6,1072,S,1072,,,8,2,2,,,,,6,FALSE,,,,
1772,6,1073,S,1073,,,8,2,2,,,,,6,FALSE,,,,
1772,6,1074,S,1074,,,8,2,2,,,,,6,FALSE,,,,
1772,6,1075,S,1075,,,8,2,2,,,,,6,FALSE,,,,
1772,6,1076,S,1076,,,8,2,2,,,,,6,FALSE,,,,
1772,7,1077,S,1077,,,1,2,2,,,,,6,FALSE,,,,
1773,7,1078,S,1078,,,2,2,2,,,,,6,FALSE,,,,