"Trip.code","boat.name","Vessel.capacity","Vessel.length","Lugar.de.zarpe","crew","Fecha.de.zarpe","fecha.de.llegada","Sistema","Objective.species","Objective.species.2","Objective.species.3","puerto.de.llegada","panes","pane.1","pane.1.length.std","pane.1.depth.std","mesh.size.std","net.depth.std","pane.2","pane.2.length","pane.3","pane.3.length","Simple.net.size","capture.species.1","capture.species.2","capture.species.3","capture.species.4","capture.species.5","capture.species.6","capture.species.7","Quantity.1","Quantity.2","Quantity.3","Quantity.4","Quantity.5","Quantity.6","Quantity.7","Quantity.Units.1","Quantity.Units.2","Quantity.Units.3","Quantity.Units.4","Quantity.Units.5","Quantity.Units.6","Quantity.Units.7","cost.of.operation","Estimada.ganacia"
129,"Virgen de Fatima",NA,NA,"Salaverry",4,2005-02-01,2005-02-09,"red","tiburon",NA,NA,"Salaverry",24,NA,50,NA,20.32,3.82764654418198,NA,NA,NA,NA,NA,"martillo","diamante","zorro",NA,NA,NA,NA,706,4,5,NA,NA,NA,NA,"I","I","I",NA,NA,NA,NA,NA,NA
140,"San Hilarion 2",NA,NA,"Salaverry",3,2005-01-05,2005-01-11,"red","tiburon",NA,NA,"Salaverry",22,NA,27.3403324584427,3.82764654418198,20.32,3.82764654418198,NA,NA,NA,NA,2302.28083912958,"martillo","zorro","azul",NA,NA,NA,NA,144,13,10,NA,NA,NA,NA,"I","I","I",NA,NA,NA,NA,NA,NA
152,"Yher Luis marbe",NA,NA,"Salaverry",5,2005-02-22,2005-03-01,"red","martillo",NA,NA,"Salaverry",22,NA,32.8083989501312,NA,17.78,3.82764654418198,NA,NA,NA,NA,NA,"martillo","azul","perico",NA,NA,NA,NA,1660,2,15,NA,NA,NA,NA,"I","I","I",NA,NA,NA,NA,NA,NA
160,"Yher Luis marbe",NA,NA,"Salaverry",5,2005-03-05,2005-03-10,"red","tiburon",NA,NA,"Salaverry",22,NA,60,NA,17.78,3.82764654418198,NA,NA,NA,NA,NA,"martillo","zorro","diamante",NA,NA,NA,NA,706,36,1,NA,NA,NA,NA,"I","I","I",NA,NA,NA,NA,NA,NA
165,"Leon marino",NA,NA,"Salaverry",3,2005-03-15,2005-03-22,"red","martillo",NA,NA,"Salaverry",23,NA,50,7,17.78,4.37445319335083,NA,NA,NA,NA,8050,"martillo","raya",NA,NA,NA,NA,NA,NA,NA,NA,NA,NA,NA,NA,NA,NA,NA,NA,NA,NA,NA,NA,NA
169,"El pescador",NA,NA,"Salaverry",5,2005-03-29,2005-04-05,"red","tiburon",NA,NA,"Salaverry",14,NA,50,NA,20.32,3.82764654418198,NA,NA,NA,NA,NA,"martillo","zorro","raya","perico",NA,NA,NA,186,1,9,7,NA,NA,NA,"I","I","I","I",NA,NA,NA,NA,NA
172,"martin 1",NA,NA,"Salaverry",4,2005-04-14,2005-04-24,"red","martillo",NA,NA,"Salaverry",16,NA,30,NA,20.32,7,NA,NA,NA,NA,NA,"martillo","azul","diamante","cazon",NA,NA,NA,257,5,1,1,NA,NA,NA,"I","I","I","I",NA,NA,NA,NA,NA
175,"martin 1",NA,NA,"Salaverry",4,2005-04-26,2005-05-05,"red","martillo",NA,NA,"Salaverry",16,NA,30,NA,20.32,3.82764654418198,NA,NA,NA,NA,NA,"martillo","azul","diamante","zorro",NA,NA,NA,651,1,1,1,NA,NA,NA,"I","I","I","I",NA,NA,NA,NA,NA
177,"martin 1",NA,NA,"Salaverry",4,2005-05-09,2005-05-18,"red","martillo",NA,NA,"Salaverry",23,NA,16.4041994750656,NA,20.32,3.82764654418198,NA,NA,NA,NA,NA,"martillo","azul","diamante","albacora","merlin",NA,NA,116,1,4,17,1,NA,NA,"I","I","I","I","I",NA,NA,NA,NA
181,"Yher Luis marbe",NA,NA,"Salaverry",5,2005-05-26,2005-06-04,"red","tiburon",NA,NA,"Salaverry",24,NA,60,NA,19.05,3.82764654418198,NA,NA,NA,NA,NA,"martillo","azul","diamante",NA,NA,NA,NA,NA,NA,NA,NA,NA,NA,NA,"I","I","I",NA,NA,NA,NA,NA,NA
186,"Leon marino",NA,NA,"Salaverry",3,2005-08-21,2005-08-30,"red","raya","martillo",NA,"Salaverry",21,NA,30,NA,21.59,3.82764654418198,NA,NA,NA,NA,NA,"raya","martillo","vidrio",NA,NA,NA,NA,214,15,9,NA,NA,NA,NA,"I","I","I",NA,NA,NA,NA,NA,NA
187,"Leon marino",NA,NA,"Salaverry",4,2005-09-04,2005-09-13,"red","martillo",NA,NA,"Salaverry",21,NA,30,NA,21.59,3.82764654418198,NA,NA,NA,NA,NA,"raya","martillo","vidrio",NA,NA,NA,NA,45,5,5,NA,NA,NA,NA,"I","I","I",NA,NA,NA,NA,NA,NA
188,"yher luis marbe 2",NA,NA,"Salaverry",4,2005-07-01,2005-07-07,"red","martillo",NA,NA,"Salaverry",21,NA,30,NA,25.4,4.37445319335083,NA,NA,NA,NA,NA,"raya","martillo",NA,NA,NA,NA,NA,1,54,NA,NA,NA,NA,NA,"I","I",NA,NA,NA,NA,NA,NA,NA
189,"Leon marino",NA,NA,"Salaverry",3,2005-08-06,2005-08-15,"red","martillo",NA,NA,"Salaverry",21,NA,30,NA,21.59,4.37445319335083,NA,NA,NA,NA,NA,"martillo","diamante","azul","zorro","raya",NA,NA,55,8,3,1,1,NA,NA,"I","I","I","I","I",NA,NA,NA,NA
196,"Fray martin 2",NA,NA,"Salaverry",4,2005-09-26,2005-10-04,"red","tiburon",NA,NA,"Salaverry",10,NA,38.2764654418198,4.37445319335083,21.59,4.92125984251969,NA,NA,NA,NA,1674.38606482151,"azul","cazon","martillo","raya",NA,NA,NA,2,1,1,5,NA,NA,NA,"I","I","I","I",NA,NA,NA,NA,NA
222,"martin 1",NA,NA,"Salaverry",4,2005-11-23,2005-12-04,"red","tiburon",NA,NA,"Salaverry",23,NA,27.3403324584427,3.28083989501312,20.32,NA,NA,NA,NA,NA,2063.08282986936,"raya","azul","diamante","martillo","bonito",NA,NA,441,5,2,140,17,NA,NA,"I","I","I","I","I",NA,NA,NA,NA
225,"martin 1",NA,NA,"Salaverry",5,2006-01-15,2006-01-25,"red","zorro",NA,NA,"Salaverry",19,NA,27.3403324584427,3.28083989501312,21.59,NA,NA,NA,NA,NA,1704.28581597904,"perico","zorro","martillo","diamante","merlin negro",NA,NA,800,19,5,3,1,NA,NA,"K","I","I","I","I",NA,NA,NA,NA
228,"Hefzi ba",NA,NA,"Salaverry",4,2006-01-26,2006-02-02,"red","zorro",NA,NA,"Salaverry",22,NA,21.8722659667542,3.28083989501312,19.05,NA,NA,NA,NA,NA,1578.70686111743,"martillo","perico","bonito","caballa","tuno",NA,NA,433,250,100,300,24,NA,NA,"I","K","K","K","I",NA,NA,NA,NA
229,"Hefzi ba",NA,NA,"Salaverry",3,2006-02-06,2006-02-13,"red","martillo",NA,NA,"Salaverry",24,NA,32.8083989501312,3.28083989501312,15.24,NA,NA,NA,NA,NA,2583.33850001033,"martillo","bonito","perico","pampanito","chauchilla",NA,NA,440,492,1,23,23,NA,NA,"I","I","I","I","I",NA,NA,NA,NA
233,"Don Lucho",NA,NA,"Salaverry",3,2006-02-20,2006-03-01,"red","martillo",NA,NA,"Salaverry",22,NA,32.8083989501312,3.82764654418198,17.78,NA,NA,NA,NA,NA,2762.7370069555,"martillo","cazon","bonito","perico","raya",NA,NA,1017,11,177,18,23,NA,NA,"I","I","I","I","I",NA,NA,NA,NA
234,"San Hilarion 2",NA,NA,"Salaverry",NA,2006-03-02,2006-03-11,"red",NA,NA,NA,"Salaverry",22,NA,27.3403324584427,3.82764654418198,10.16,NA,NA,NA,NA,NA,2302.28083912958,NA,NA,NA,NA,NA,NA,NA,NA,NA,NA,NA,NA,NA,NA,NA,NA,NA,NA,NA,NA,NA,NA,NA
235,"Don Lucho",NA,NA,"Salaverry",4,2006-03-07,2006-03-16,"red","martillo",NA,NA,"Salaverry",22,NA,32.8083989501312,3.82764654418198,17.78,NA,NA,NA,NA,NA,2762.7370069555,"martillo","bonito","vidrio","cazon","azul",NA,NA,295,46,10,1,1,NA,NA,"I","I","I","I","I",NA,NA,NA,NA
239,"Don Lucho",NA,NA,"Salaverry",5,2006-03-19,2006-03-30,"red","martillo",NA,NA,"Salaverry",23,NA,32.8083989501312,3.82764654418198,17.78,NA,NA,NA,NA,NA,2888.31596181711,"martillo","zonito","raya","azul","diamante",NA,NA,559,19,49,1,1,NA,NA,"I","I","I","I","I",NA,NA,NA,NA
240,"San Hilarion 2",NA,NA,"Salaverry",5,2006-04-01,2006-04-09,"red","martillo",NA,NA,"Salaverry",22,NA,27.3403324584427,3.82764654418198,20.32,NA,NA,NA,NA,NA,2302.28083912958,"martillo","raya","perico",NA,NA,NA,NA,729,91,3,NA,NA,NA,NA,"I","I","I",NA,NA,NA,NA,NA,NA
241,"Virgen de la puerta",NA,NA,"Salaverry",4,2006-04-11,2006-04-17,"red","martillo",NA,NA,"Salaverry",36,NA,16.4041994750656,3.82764654418198,20.32,NA,NA,NA,NA,NA,2260.42118750904,"martillo","bonito",NA,NA,NA,NA,NA,1017,43,NA,NA,NA,NA,NA,"K","K",NA,NA,NA,NA,NA,NA,NA
242,"San Hilarion 2",NA,NA,"Salaverry",5,2006-04-15,2006-04-22,"red","martillo",NA,NA,"Salaverry",22,NA,32.8083989501312,3.82764654418198,10.16,NA,NA,NA,NA,NA,2762.7370069555,"martillo","cazon","bonito","raya",NA,NA,NA,5,1,12,41,NA,NA,NA,"I","I","I","I",NA,NA,NA,NA,NA
243,"Fortaleza de mi padre",NA,NA,"Salaverry",4,2006-04-24,2006-05-05,"red","martillo",NA,NA,"Salaverry",22,NA,16.4041994750656,3.82764654418198,20.32,NA,NA,NA,NA,NA,1381.36850347775,"martillo","raya","bonito",NA,NA,NA,NA,340,12,4,NA,NA,NA,NA,"I","I","I",NA,NA,NA,NA,NA,NA
244,"Fray martin 2",NA,NA,"Salaverry",3,2006-05-06,2006-05-12,"red","martillo",NA,NA,"Salaverry",16,NA,43.7445319335083,3.28083989501312,17.78,3.82764654418198,NA,NA,NA,NA,2296.30088889807,"raya aguila","martillo","bonito",NA,NA,NA,NA,250,10,5,NA,NA,NA,NA,"K","K","K",NA,NA,NA,NA,NA,NA
246,"Esperanza",NA,NA,"Salaverry",4,2006-05-07,2006-05-16,"red","martillo",NA,NA,"Salaverry",18,NA,50,6,17.78,NA,NA,NA,NA,NA,5400,"martillo","raya",NA,NA,NA,NA,NA,270,209,NA,NA,NA,NA,NA,"I","I",NA,NA,NA,NA,NA,NA,NA
247,"mi Jesus",NA,NA,"Salaverry",4,2006-05-19,2006-05-31,"red","martillo",NA,NA,"Salaverry",26,NA,27.3403324584427,3.82764654418198,15.24,NA,NA,NA,NA,NA,2720.87735533496,"martillo","azul",NA,NA,NA,NA,NA,89,2,NA,NA,NA,NA,NA,"I","I",NA,NA,NA,NA,NA,NA,NA
254,"El mesias",NA,NA,"Salaverry",5,2006-06-05,2006-06-18,"red","tiburon",NA,NA,"Supe",22,NA,16.4041994750656,3.82764654418198,20.32,NA,NA,NA,NA,NA,1381.36850347775,"martillo","diamante","azul",NA,NA,NA,NA,40,21,8,NA,NA,NA,NA,"I","I","I",NA,NA,NA,NA,NA,NA
261,"Leon marino",NA,NA,"Salaverry",3,2006-06-22,2006-06-30,"red","tiburon",NA,NA,"Salaverry",20,NA,27.3403324584427,3.82764654418198,20.32,NA,NA,NA,NA,NA,2092.98258102689,"martillo","diamante",NA,NA,NA,NA,NA,9,2,NA,NA,NA,NA,NA,"I","I",NA,NA,NA,NA,NA,NA,NA
262,"Don Nico",NA,NA,"Salaverry",3,2006-07-04,2006-07-10,"red","martillo",NA,NA,"Salaverry",20,NA,60,7,20.32,NA,NA,NA,NA,NA,8400,"martillo","raya aguila",NA,NA,NA,NA,NA,77,NA,NA,NA,NA,NA,NA,"K",NA,NA,NA,NA,NA,NA,NA,NA
263,"Esperanza",NA,NA,"Salaverry",4,2006-07-07,2006-07-19,"red","tiburon",NA,NA,"Supe",17,NA,27.3403324584427,3.82764654418198,20.32,NA,NA,NA,NA,NA,1779.03519387286,"martillo","azul","diamante","perico",NA,NA,NA,15,4,26,11,NA,NA,NA,"I","I","I","I",NA,NA,NA,NA,NA
269,"maria Isabel",NA,NA,"Salaverry",4,2006-08-03,2006-08-12,"red","martillo",NA,NA,"Salaverry",20,NA,27.3403324584427,3.82764654418198,20.32,NA,NA,NA,NA,NA,2092.98258102689,"martillo","azul","vidrio","cazon","raya",NA,NA,79,4,5,1,6,NA,NA,"I","I","I","I","I",NA,NA,NA,NA
272,"Fray martin 2",NA,NA,"Salaverry",3,2006-08-16,2006-08-20,"red","raya",NA,NA,"Salaverry",17,NA,43.7445319335083,NA,17.78,2.73403324584427,NA,NA,NA,NA,NA,"raya","azul","martillo","vidrio",NA,NA,NA,120,25,20,5,NA,NA,NA,"K","K","K","K",NA,NA,NA,NA,NA
281,"mi Vicente Hildebrant",NA,NA,"Salaverry",4,2006-09-20,2006-09-30,"red","tiburon","raya",NA,"Salaverry",17,NA,27.3403324584427,2.73403324584427,17.78,NA,NA,NA,NA,NA,1270.7394241949,"azul","martillo","raya","vidrio",NA,NA,NA,65,1,170,3,NA,NA,NA,"K","K","K","K",NA,NA,NA,NA,NA
285,"Don Willo",NA,NA,"Salaverry",4,2006-10-21,2006-10-28,"red","azul",NA,NA,"Salaverry",30,NA,16.4041994750656,2.73403324584427,15.24,NA,NA,NA,NA,NA,1345.48880208872,"raya","azul","vidrio","martillo",NA,NA,NA,181,11,2,2,NA,NA,NA,"I","I","I","I",NA,NA,NA,NA,NA
292,"charito",NA,NA,"Salaverry",4,2006-11-22,2006-11-25,"red","tiburon",NA,NA,"Salaverry",21,NA,32.8083989501312,4.37445319335083,15.24,NA,NA,NA,NA,NA,3013.89491667872,"azul","martillo","raya",NA,NA,NA,NA,2,6,4,NA,NA,NA,NA,"I","I","I",NA,NA,NA,NA,NA,NA
293,"charito",NA,NA,"Salaverry",3,2006-11-28,2006-12-06,"red","tiburon",NA,NA,"Salaverry",21,NA,32.8083989501312,4.37445319335083,16.51,NA,NA,NA,NA,NA,3013.89491667872,"diamante","azul","martillo","vidrio","raya",NA,NA,19,13,5,1,25,NA,NA,"I","I","I","I","I",NA,NA,NA,NA
310,"Fray martin 2",NA,NA,"Salaverry",3,2007-01-10,2007-01-16,"red","martillo",NA,NA,"Salaverry",11,NA,32.8083989501312,3.28083989501312,20.32,NA,NA,NA,NA,NA,1184.03014583807,"perico","martillo","zorro","azul","diamante",NA,NA,200,120,450,80,250,NA,NA,"K","K","K","K","K",NA,NA,1000,3000
321,"charito",NA,NA,"Salaverry",3,2007-02-06,2007-02-14,"red","martillo",NA,NA,"Salaverry",21,NA,32.8083989501312,4.37445319335083,16.51,NA,NA,NA,NA,NA,3013.89491667872,"martillo","perico","zorro","diamante","merlin rayado",NA,NA,92,25,18,2,2,NA,NA,"I","I","I","I","I",NA,NA,NA,NA
326,"Don Lucho",NA,NA,"Salaverry",4,2007-03-07,2007-03-20,"red","martillo",NA,NA,"Salaverry",24,NA,27.3403324584427,3.28083989501312,19.05,NA,NA,NA,NA,NA,2152.78208334194,"perico","martillo","diamante","azul","raya",NA,NA,15,1541,3,1,9,NA,NA,"I","I","I","I","I",NA,NA,NA,NA
332,"Dora lisa",NA,NA,"Salaverry",3,2007-04-02,2007-04-05,"red","martillo","raya",NA,"Salaverry",27,NA,27.3403324584427,3.28083989501312,17.78,NA,NA,NA,NA,NA,2421.87984375969,"raya",NA,NA,NA,NA,NA,NA,35,NA,NA,NA,NA,NA,NA,"I",NA,NA,NA,NA,NA,NA,NA,NA
333,"El mesias",NA,NA,"Salaverry",4,2007-04-14,2007-04-26,"red","martillo",NA,NA,"Salaverry",18,NA,21.8722659667542,3.82764654418198,11.43,NA,NA,NA,NA,NA,1506.94745833936,"martillo","diamante","azul","cazon","perico",NA,NA,231,14,1,1,2,NA,NA,"I","I","I","I","I",NA,NA,NA,NA
339,"Don Willo",NA,NA,"Salaverry",5,2007-05-17,2007-05-25,"red","martillo",NA,NA,"Salaverry",20,NA,16.4041994750656,4.37445319335083,20.32,NA,NA,NA,NA,NA,1435.1880555613,"martillo","azul","diamante","cazon","vidrio",NA,NA,73,3,2,1,1,NA,NA,"I","I","I","I","I",NA,NA,NA,NA
341,"poupee 1",NA,NA,"Salaverry",4,2007-05-04,2007-05-10,"red","martillo",NA,NA,"Salaverry",17,NA,43.7445319335083,4.37445319335083,22.86,NA,NA,NA,NA,NA,3253.09292593894,"martillo","perico","raya aguila","pota","bonito",NA,NA,230,30,240,10,6,NA,NA,"K","K","K","K","K",NA,NA,NA,NA
347,"Don Nico",NA,NA,"Salaverry",3,2007-06-19,2007-06-24,"red","martillo",NA,NA,"Salaverry",20,NA,50,10,20.32,NA,NA,NA,NA,NA,10000,"martillo",NA,NA,NA,NA,NA,NA,125,NA,NA,NA,NA,NA,NA,"K",NA,NA,NA,NA,NA,NA,NA,NA
363,"mi Vicente Hildebrant",NA,NA,"Salaverry",4,2007-10-06,2007-10-19,"red","tiburon",NA,NA,"Salaverry",30,NA,16.4041994750656,NA,20.32,3.82764654418198,NA,NA,NA,NA,NA,"azul","diamante","martillo",NA,NA,NA,NA,35,14,15,NA,NA,NA,NA,"I","I","I",NA,NA,NA,NA,NA,NA
365,"Don Nico",NA,NA,"Salaverry",4,2007-10-17,2007-10-27,"red","tiburon",NA,NA,"Salaverry",22,NA,27.3403324584427,NA,19.05,3.82764654418198,NA,NA,NA,NA,NA,"martillo","azul","diamante",NA,NA,NA,NA,10,15,23,NA,NA,NA,NA,"I","I","I",NA,NA,NA,NA,NA,NA
374,"Don Nico",NA,NA,"Salaverry",3,2007-10-30,2007-11-09,"red","tiburon",NA,NA,"Salaverry",22,NA,27.3403324584427,NA,12.7,3.82764654418198,NA,NA,NA,NA,NA,"martillo","diamante","azul","bonito","espada",NA,NA,34,3,8,16,4,NA,NA,"I","I","I","I","I",NA,NA,NA,NA
377,"Don Nico",NA,NA,"Salaverry",4,2007-11-13,2007-11-22,"red","bonito",NA,NA,"Salaverry",25,NA,27.3403324584427,NA,12.7,3.82764654418198,NA,NA,NA,NA,NA,"martillo","diamante","perico","bonito","merlin",NA,NA,9,2,217,337,2,NA,NA,"I","I","I","I","I",NA,NA,NA,NA
379,"Don Nico",NA,NA,"Salaverry",4,2007-11-26,2007-12-04,"red","tiburon",NA,NA,"Salaverry",20,NA,27.3403324584427,NA,11.43,3.82764654418198,NA,NA,NA,NA,NA,"martillo","azul","bonito",NA,NA,NA,NA,353,3,184,NA,NA,NA,NA,"I","I","I",NA,NA,NA,NA,NA,NA
380,"Don Nico",NA,NA,"Salaverry",4,2007-12-08,2007-12-17,"red","tiburon",NA,NA,"Salaverry",20,NA,27.3403324584427,NA,11.43,4.37445319335083,NA,NA,NA,NA,NA,"martillo","bonito","diamante","perico",NA,NA,NA,10,549,1,6,NA,NA,NA,"I","I","I","I",NA,NA,NA,NA,NA
385,"Don Nico",NA,NA,"Salaverry",4,2007-12-19,2007-12-23,"red","bonito","martillo",NA,"Salaverry",10,NA,21.8722659667542,NA,11.43,3.82764654418198,NA,NA,NA,NA,NA,"bonito","cachito","perico",NA,NA,NA,NA,841,33,1,NA,NA,NA,NA,"I","I","I",NA,NA,NA,NA,NA,NA
387,"Don Nico",NA,NA,"Salaverry",3,2008-01-01,2008-01-07,"red","bonito","martillo",NA,"Salaverry",10,NA,NA,NA,NA,NA,NA,NA,NA,NA,NA,"martillo","perico","bonito","diamante",NA,NA,NA,135,234,239,1,NA,NA,NA,"I","I","I","I",NA,NA,NA,NA,NA
388,"Don Nico",NA,NA,"Salaverry",3,2008-01-12,2008-01-19,"red","bonito","martillo",NA,"Salaverry",10,NA,21.8722659667542,NA,11.43,3.82764654418198,NA,NA,NA,NA,NA,"perico","bonito","barrilete negra","pota",NA,NA,NA,150,2,535,23,NA,NA,NA,"I","I","K","I",NA,NA,NA,NA,NA
401,"Virgen de la Asuncion",NA,NA,"Salaverry",4,2008-01-29,2008-02-07,"red","martillo","bonito",NA,"Salaverry",22,NA,27.3403324584427,NA,20.32,3.82764654418198,NA,NA,NA,NA,NA,"martillo","azul","zorro","cazon",NA,NA,NA,1303,4,1,1,NA,NA,NA,"I","I","I","I",NA,NA,NA,NA,NA
405,"Virgen de la Asuncion",NA,NA,"Salaverry",4,2008-02-12,2008-02-20,"red","tiburon",NA,NA,"Salaverry",22,NA,27.3403324584427,NA,20.32,3.82764654418198,NA,NA,NA,NA,NA,"zorro","azul","cazon","martillo",NA,NA,NA,2,3,2,535,NA,NA,NA,"I","I","I","I",NA,NA,NA,NA,NA
413,"Virgen de la Asuncion",NA,NA,"Salaverry",4,2008-02-22,2008-03-01,"red","martillo","zorro",NA,"Salaverry",22,NA,27.3403324584427,3.82764654418198,20.32,3.82764654418198,NA,NA,NA,NA,2302.28083912958,"martillo","zorro","perico",NA,NA,NA,NA,77,19,1,NA,NA,NA,NA,"I","I","I",NA,NA,NA,NA,NA,NA
416,"Don Nico",NA,NA,"Salaverry",3,2008-03-06,2008-03-10,"red","martillo","bonito",NA,"Salaverry",18,NA,27.3403324584427,3.28083989501312,20.32,3.82764654418198,NA,NA,NA,NA,1614.58656250646,"martillo","perico","bonito","pampanito","barrilete",NA,NA,9,8,249,26,90,NA,NA,"I","I","I","I","K",NA,NA,NA,NA
418,"Don Nico",NA,NA,"Salaverry",3,2008-03-12,2008-03-19,"red",NA,NA,NA,"Salaverry",18,NA,27.3403324584427,3.82764654418198,20.32,3.82764654418198,NA,NA,NA,NA,1883.6843229242,"bonito","chauchilla","pampanito","caballa","perico",NA,NA,687,32,34,50,11,NA,NA,"I","I","I","K","I",NA,NA,NA,NA
420,"Don Nico",NA,NA,"Salaverry",3,2008-03-21,2008-03-23,"red","martillo",NA,NA,"Salaverry",18,NA,27.3403324584427,3.82764654418198,20.32,3.82764654418198,NA,NA,NA,NA,1883.6843229242,"martillo","caballa","bonito","chauchilla","perico",NA,NA,197,550,108,30,3,NA,NA,"I","K","I","K","I",NA,NA,NA,NA
423,"Don Nico",NA,NA,"Salaverry",4,2008-03-24,2008-04-01,"red","martillo",NA,NA,"Salaverry",18,NA,27.3403324584427,3.82764654418198,20.32,3.28083989501312,NA,NA,NA,NA,1883.6843229242,"martillo","raya aguila","pardo","diamante","perico",NA,NA,426,6,1,1,6,NA,NA,"I","I","I","I","I",NA,NA,NA,NA
444,"Don Nico",NA,NA,"Salaverry",3,2008-08-28,2008-09-01,"red","raya","azul",NA,"Salaverry",17,NA,40,NA,20.32,3.82764654418198,NA,NA,NA,NA,NA,"azul","raya aguila","chancho marino",NA,NA,NA,NA,1,1,1,NA,NA,NA,NA,"I","I","I",NA,NA,NA,NA,NA,NA
447,"Don Nico",NA,NA,"Salaverry",3,2008-09-11,2008-09-19,"red","azul",NA,NA,"Salaverry",17,NA,21.8722659667542,NA,20.32,3.82764654418198,NA,NA,NA,NA,NA,"diamante","azul","martillo","vidrio","raya aguila",NA,NA,11,6,1,2,2,NA,NA,"I","I","I","I","I",NA,NA,NA,NA
450,"Virgen de la Asuncion",NA,NA,"Salaverry",3,2008-09-25,2008-10-05,"red","azul",NA,NA,"Salaverry",18,NA,27.3403324584427,NA,20.32,3.82764654418198,NA,NA,NA,NA,NA,"azul","diamante","martillo","raya","espada",NA,NA,8,15,45,28,1,NA,NA,"I","I","I","I","I",NA,NA,NA,NA
451,"Don Nico",NA,NA,"Salaverry",3,2008-09-28,2008-10-04,"red","azul","diamante",NA,"Salaverry",19,NA,27.3403324584427,NA,20.32,3.55424321959755,NA,NA,NA,NA,NA,"azul","zorro","cazon","pardo","cacho",NA,NA,3,1,3,2,2,NA,NA,"I","I","I","I","I",NA,NA,NA,NA
452,"Virgen de la Asuncion",NA,NA,"Salaverry",NA,2008-10-08,2008-10-17,"red","tiburon",NA,NA,"Salaverry",18,NA,27.3403324584427,NA,20.32,3.82764654418198,NA,NA,NA,NA,NA,"azul","diamante","martillo","zorro","cazon",NA,NA,9,2,26,1,2,NA,NA,"I","I","I","I","I",NA,NA,NA,NA
453,"Don Nico",NA,NA,"Salaverry",3,2008-10-10,2008-10-19,"red","tiburon",NA,NA,"Salaverry",19,NA,27.3403324584427,NA,20.32,3.55424321959755,NA,NA,NA,NA,NA,"martillo","azul","cazon","gata","raya",NA,NA,28,1,1,24,7,NA,NA,"I","I","I","I","I",NA,NA,NA,NA
455,"Jocel",NA,NA,"Salaverry",4,2008-11-20,2008-11-26,"red","bonito","martillo",NA,"Salaverry",45,NA,35.5424321959755,NA,NA,3.82764654418198,NA,NA,NA,NA,NA,"martillo","bonito","pota",NA,NA,NA,NA,55,9,100,NA,NA,NA,NA,"I","I","K",NA,NA,NA,NA,NA,NA
459,"San Hilarion 2",NA,NA,"Salaverry",4,2008-11-20,2008-11-26,"red","bonito","martillo",NA,"Salaverry",48,NA,26.246719160105,NA,17.78,3.82764654418198,NA,NA,NA,NA,NA,"martillo","azul","diamante","cazon","bonito",NA,NA,202,3,2,1,103,NA,NA,"I","I","I","I","I",NA,NA,NA,NA
466,"El Arca",NA,NA,"Salaverry",3,2008-12-03,2008-08-08,"red","bonito","martillo",NA,"Salaverry",22,NA,NA,NA,NA,3.82764654418198,NA,NA,NA,NA,NA,"vidrio","bonito","raya aguila","martillo",NA,NA,NA,3,353,2,2,NA,NA,NA,"I","I","I","I",NA,NA,NA,NA,NA
467,"Don Nico",NA,NA,"Salaverry",3,2008-12-16,2008-12-22,"red","martillo",NA,NA,"Salaverry",19,NA,NA,NA,NA,3.82764654418198,NA,NA,NA,NA,NA,"azul","martillo","perico","bonito","manta o diablo",NA,NA,7,220,56,249,16,NA,NA,"I","I","I","I","I",NA,NA,1385,10318
468,"Virgen de la Asuncion",NA,NA,"Salaverry",3,2008-12-20,2008-12-27,"red","martillo",NA,NA,"Salaverry",22,NA,27.3403324584427,NA,NA,3.82764654418198,NA,NA,NA,NA,NA,"martillo","azul","diamante","pardo","espada",NA,NA,111,3,1,1,1,NA,NA,"I","I","I","I","I",NA,NA,1600,7190
471,"maria Isabel",NA,NA,"Salaverry",3,2009-01-06,2009-01-14,"red","martillo",NA,NA,"Salaverry",12,NA,27.3403324584427,NA,20.32,3.28083989501312,NA,NA,NA,NA,NA,"gato","raya","vidrio","martillo",NA,NA,NA,7,115,10,3,NA,NA,NA,"K","K","K","K",NA,NA,NA,1100,880
479,"mi Fatima",NA,NA,"Salaverry",NA,2009-01-04,2009-01-12,"red","martillo",NA,NA,"Salaverry",35,NA,NA,NA,NA,3.82764654418198,NA,NA,NA,NA,NA,"azul","cazon","vidrio","martillo","zorro",NA,NA,13,4,3,38,9,NA,NA,"I","I","I","I","I",NA,NA,NA,NA
480,"Dora lisa",NA,NA,"Salaverry",3,2009-01-13,2009-01-23,"red","martillo",NA,NA,"Salaverry",22,NA,32.8083989501312,NA,NA,3.82764654418198,NA,NA,NA,NA,NA,"martillo",NA,NA,NA,NA,NA,NA,776,NA,NA,NA,NA,NA,NA,"I",NA,NA,NA,NA,NA,NA,1500,4000
481,"Fray martin 1",NA,NA,"Salaverry",3,2009-01-01,2009-01-08,"red","martillo",NA,NA,"Salaverry",15,NA,32.8083989501312,NA,NA,3.82764654418198,NA,NA,NA,NA,NA,"martillo","raya aguila","azul","cazon","bonito",NA,NA,78,14,2,1,3,NA,NA,NA,NA,NA,NA,NA,NA,NA,1500,900
482,"Johamis",NA,NA,"Salaverry",3,2009-01-15,2009-01-22,"red","martillo",NA,NA,"Salaverry",22,NA,NA,NA,NA,NA,NA,NA,NA,NA,NA,"martillo","perico","caballa","zorro",NA,NA,NA,470,24,88,1,NA,NA,NA,"I","I","K","I",NA,NA,NA,1600,3500
485,"Juan marcos",NA,NA,"Salaverry",4,2009-01-25,2009-02-02,"red","martillo",NA,NA,"Salaverry",22,NA,27.3403324584427,NA,NA,3.82764654418198,NA,NA,NA,NA,NA,"martillo","azul","diamante","zorro",NA,NA,NA,801,5,5,3,NA,NA,NA,"I","I","I","I",NA,NA,NA,1900,5200
487,"maria Isabel",NA,NA,"Salaverry",3,2009-01-30,2009-02-06,"red","martillo",NA,NA,"Salaverry",22,NA,NA,NA,NA,NA,NA,NA,NA,NA,NA,"martillo","cazon","raya aguila","perico",NA,NA,NA,744,8,32,1,NA,NA,NA,"I","I","I","I",NA,NA,NA,1800,2750
489,"Virgen de la Asuncion",NA,NA,"Salaverry",3,2009-02-09,2009-02-17,"red","martillo",NA,NA,"Salaverry",22,NA,NA,NA,20.32,3.82764654418198,NA,NA,NA,NA,NA,"raya aguila","martillo",NA,NA,NA,NA,NA,548,552,NA,NA,NA,NA,NA,"I","I",NA,NA,NA,NA,NA,1610,4756
492,"maria",NA,NA,"Salaverry",3,2009-02-18,2009-02-24,"red","martillo",NA,NA,"Salaverry",16,NA,NA,3.82764654418198,19.05,3.82764654418198,NA,NA,NA,NA,NA,"martillo","raya aguila","perico","manta",NA,NA,NA,604,12,1,6,NA,NA,NA,"I","I","I","I",NA,NA,NA,1000,2900
493,"Don Nico",NA,NA,"Salaverry",3,2009-02-28,2009-03-07,"red","martillo","raya aguila",NA,"Salaverry",22,NA,27.3403324584427,3.82764654418198,20.32,3.82764654418198,NA,NA,NA,NA,2302.28083912958,"gatita","raya aguila","martillo",NA,NA,NA,NA,14,18,166,NA,NA,NA,NA,"I","I","I",NA,NA,NA,NA,1370,3200
494,"maria Isabel",NA,NA,"Salaverry",4,2009-02-28,2009-03-05,"red","martillo",NA,NA,"Salaverry",29,NA,21.8722659667542,3.82764654418198,10.795,3.82764654418198,NA,NA,NA,NA,2427.85979399119,"martillo",NA,NA,NA,NA,NA,NA,470,NA,NA,NA,NA,NA,NA,"I",NA,NA,NA,NA,NA,NA,1500,2700
499,"Dora lisa",NA,NA,"Salaverry",4,2009-03-14,2009-03-23,"red","martillo",NA,NA,"Salaverry",22,NA,27.3403324584427,3.82764654418198,19.05,3.82764654418198,NA,NA,NA,NA,2302.28083912958,"martillo",NA,NA,NA,NA,NA,NA,513,NA,NA,NA,NA,NA,NA,"I",NA,NA,NA,NA,NA,NA,1600,5250
500,"mi Fatima",NA,NA,"Salaverry",4,2009-03-16,2009-03-26,"red","martillo",NA,NA,"Salaverry",31,NA,27.3403324584427,3.82764654418198,25.4,3.82764654418198,NA,NA,NA,NA,3244.12300059168,"martillo","zorro","cazon","raya aguila","bonito",NA,NA,536,2,2,1,200,NA,NA,"I","I","I","I","K",NA,NA,1820,4200
506,"Don Nico",NA,NA,"Salaverry",3,2009-04-11,2009-04-19,"red","martillo",NA,NA,"Salaverry",18,NA,32.8083989501312,NA,20.32,3.82764654418198,NA,NA,NA,NA,NA,"martillo","azul","zorro","diamante","raya aguila",NA,NA,146,11,2,1,8,NA,NA,"I","I","I","I","I",NA,NA,1360,2520
509,"Virgen de la Asuncion",NA,NA,"Salaverry",3,2009-04-14,2009-04-21,"red","martillo",NA,NA,"Salaverry",18,NA,NA,NA,20.32,3.82764654418198,NA,NA,NA,NA,NA,"martillo","azul","zorro","pardo",NA,NA,NA,207,13,5,2,NA,NA,NA,"I","I","I","I",NA,NA,NA,1410,6190
513,"Virgen de la Asuncion",NA,NA,"Salaverry",4,2009-04-29,2009-05-07,"red","martillo",NA,NA,"Salaverry",19,NA,27.3403324584427,3.82764654418198,20.32,NA,NA,NA,NA,NA,1988.33345197555,"martillo","azul","diamante","perico","merlin",NA,NA,712,4,1,5,1,NA,NA,"I","I","I","I","I",NA,NA,2454,10510
514,"Don Nico",NA,NA,"Salaverry",3,2009-04-29,2009-05-08,"red","martillo",NA,NA,"Salaverry",18,NA,32.8083989501312,3.82764654418198,20.32,NA,NA,NA,NA,NA,2260.42118750904,"martillo","diamante","chauchilla","caballa",NA,NA,NA,698,1,20,40,NA,NA,NA,"I","I","K","K",NA,NA,NA,1406,5000
515,"Virgen de la Asuncion",NA,NA,"Salaverry",4,2009-05-13,2009-05-21,"red","tiburon",NA,NA,"Salaverry",19,NA,27.3403324584427,NA,20.32,3.82764654418198,NA,NA,NA,NA,NA,"martillo","azul","pardo",NA,NA,NA,NA,364,1,2,NA,NA,NA,NA,"I","I","I",NA,NA,NA,NA,2083,4847
516,"Don Nico",NA,NA,"Salaverry",3,2009-05-15,2009-05-23,"red","martillo",NA,NA,"Salaverry",20,NA,NA,NA,20.32,3.82764654418198,NA,NA,NA,NA,NA,"martillo","zorro","pardo",NA,NA,NA,NA,117,10,1,NA,NA,NA,NA,"I","I","I",NA,NA,NA,NA,1205,2500
523,"Don Nico",NA,NA,"Salaverry",3,2009-05-28,2009-06-04,"red","martillo",NA,NA,"Salaverry",20,NA,32.8083989501312,3.82764654418198,20.32,3.82764654418198,NA,NA,NA,NA,2511.57909723227,"martillo","diamante","azul","zorro","atun de aleta amarilla",NA,NA,6,5,3,1,6,NA,NA,"I","I","I","I","I",NA,NA,1240,2300
524,"Virgen de la Asuncion",NA,NA,"Salaverry",3,2009-06-01,2009-06-09,"red","azul","diamante",NA,"Salaverry",19,NA,32.8083989501312,3.82764654418198,20.32,3.82764654418198,NA,NA,NA,NA,2386.00014237066,"martillo","diamante","azul","raya","caballa",NA,NA,21,7,2,8,10,NA,NA,"I","I","I","I","K",NA,NA,1590,1840
525,"Don Nico",NA,NA,"Salaverry",3,2009-06-13,2009-06-20,"red","martillo",NA,NA,"Salaverry",18,NA,30.074365704287,3.82764654418198,20.32,3.82764654418198,NA,NA,NA,NA,2072.05275521662,"martillo","vidrio","gatita","raya",NA,NA,NA,54,2,60,3,NA,NA,NA,"I","I","I","I",NA,NA,NA,12000,5800
526,"Don Nico",NA,NA,"Salaverry",3,2009-06-23,2009-06-28,"red","tiburon",NA,NA,"Salaverry",18,NA,30.074365704287,3.82764654418198,20.32,3.82764654418198,NA,NA,NA,NA,2072.05275521662,"gata","cachema","lorna","raya",NA,NA,NA,3,8,12,40,NA,NA,NA,"I","K","K","K",NA,NA,NA,600,400
528,"Don Nico",NA,NA,"Salaverry",3,2009-07-02,2009-07-09,"red","tiburon",NA,NA,"Salaverry",18,NA,30.074365704287,3.82764654418198,20.32,3.82764654418198,NA,NA,NA,NA,2072.05275521662,"raya","azul","merlin","barracuda","martillo",NA,NA,60,100,48,32,30,NA,NA,"K","K","K","K","K",NA,NA,1350,1800
529,"Virgen de la Asuncion",NA,NA,"Salaverry",3,2009-07-02,2009-07-13,"red","tiburon",NA,NA,"Salaverry",19,NA,26.246719160105,3.82764654418198,20.32,3.82764654418198,NA,NA,NA,NA,1908.80011389652,"martillo","diamante","azul","perico",NA,NA,NA,42,21,16,58,NA,NA,NA,"K","K","K","K",NA,NA,NA,1494,0
531,"Don Nico",NA,NA,"Salaverry",3,2009-07-15,2009-07-21,"red","raya","tollo",NA,"Salaverry",18,NA,58,7,20.32,3.82764654418198,NA,NA,NA,NA,7308,"tollo","raya negra",NA,NA,NA,NA,NA,86,320,NA,NA,NA,NA,NA,"K","K",NA,NA,NA,NA,NA,1200,1890
532,"Virgen de la Asuncion",NA,NA,"Salaverry",3,2009-07-18,2009-07-24,"red","tiburon",NA,NA,"Salaverry",19,NA,26.246719160105,3.82764654418198,20.32,4.1010498687664,NA,NA,NA,NA,1908.80011389652,"azul","martillo","vidrio","cazon",NA,NA,NA,77,105,110,25,NA,NA,NA,"K","K","K","K",NA,NA,NA,1238,1135
534,"Virgen de la Asuncion",NA,NA,"Salaverry",4,2009-09-22,2009-10-01,"red","tiburon",NA,NA,"Salaverry",19,NA,27.3403324584427,4.37445319335083,20.32,4.1010498687664,NA,NA,NA,NA,2272.38108797205,"azul","diamante","martillo","raya",NA,NA,NA,77,15,10,80,NA,NA,NA,"K","K","K","K",NA,NA,NA,NA,NA
535,"Virgen de la Asuncion",NA,NA,"Salaverry",4,2009-10-07,2009-10-17,"red","tiburon",NA,NA,"Salaverry",19,NA,27.3403324584427,NA,20.32,4.1010498687664,NA,NA,NA,NA,NA,"diamante","azul",NA,NA,NA,NA,NA,NA,NA,NA,NA,NA,NA,NA,NA,NA,NA,NA,NA,NA,NA,2238,2573
536,"Virgen de la Asuncion",NA,NA,"Salaverry",4,2009-10-21,2009-10-30,"manual","tiburon",NA,NA,"Salaverry",19,NA,27.3403324584427,3.82764654418198,20.32,4.1010498687664,NA,NA,NA,NA,1988.33345197555,"diamante","azul","martillo",NA,NA,NA,NA,400,220,52,NA,NA,NA,NA,"K","K","K",NA,NA,NA,NA,2262,3914
537,"Virgen de la Asuncion",NA,NA,"Salaverry",4,2009-11-04,2009-11-11,"red","tiburon",NA,NA,"Salaverry",22,NA,27.3403324584427,4.37445319335083,20.32,4.1010498687664,NA,NA,NA,NA,2631.17810186238,"martillo","espada",NA,NA,NA,NA,NA,1500,100,NA,NA,NA,NA,NA,"K","K",NA,NA,NA,NA,NA,3030,12833
538,"Virgen de la Asuncion",NA,NA,"Salaverry",4,2009-11-17,2009-11-21,"red","raya",NA,NA,"Salaverry",20,NA,27.3403324584427,3.82764654418198,20.32,4.1010498687664,NA,NA,NA,NA,2092.98258102689,"raya","tollo",NA,NA,NA,NA,NA,2500,51,NA,NA,NA,NA,NA,"K","K",NA,NA,NA,NA,NA,3059,7827
539,"Virgen de la Asuncion",NA,NA,"Salaverry",4,2009-11-26,2009-12-03,"manual","tiburon",NA,NA,"Salaverry",19,NA,27.3403324584427,4.37445319335083,20.32,4.1010498687664,NA,NA,NA,NA,2272.38108797205,"cachudas","azul","cacho",NA,NA,NA,NA,671,401,109,NA,NA,NA,NA,"K","K","K",NA,NA,NA,NA,2219.4,8671
543,"Virgen de la Asuncion",NA,NA,"Salaverry",4,2009-12-07,2009-12-14,"red","tollo",NA,NA,"Salaverry",22,NA,27.3403324584427,4.37445319335083,20.32,4.1010498687664,NA,NA,NA,NA,2631.17810186238,"tollo",NA,NA,NA,NA,NA,NA,650,NA,NA,NA,NA,NA,NA,"K",NA,NA,NA,NA,NA,NA,1850,4410
544,"Virgen de la Asuncion",NA,NA,"Salaverry",4,2009-12-16,2009-12-23,"red","tollo",NA,NA,"Salaverry",18,NA,27.3403324584427,4.37445319335083,20.32,4.1010498687664,NA,NA,NA,NA,2152.78208334194,"tollo",NA,NA,NA,NA,NA,NA,350,NA,NA,NA,NA,NA,NA,"K",NA,NA,NA,NA,NA,NA,1912,1000
546,"Don Nico",NA,NA,"Salaverry",4,2010-01-19,2010-01-26,"red","tollo",NA,NA,"Salaverry",18,NA,30.074365704287,3.82764654418198,20.32,4.1010498687664,NA,NA,NA,NA,2072.05275521662,"tollo",NA,NA,NA,NA,NA,NA,380,NA,NA,NA,NA,NA,NA,"K",NA,NA,NA,NA,NA,NA,1300,3580
547,"Don Nico",NA,NA,"Salaverry",4,2010-01-10,2010-01-16,"red","tollo",NA,NA,"Salaverry",18,NA,30.074365704287,3.82764654418198,20.32,3.82764654418198,NA,NA,NA,NA,2072.05275521662,"gata","martillo",NA,NA,NA,NA,NA,120,245,NA,NA,NA,NA,NA,"K","K",NA,NA,NA,NA,NA,1250,1550
551,"Juan marcos",NA,NA,"Salaverry",4,2010-02-04,2010-02-08,"red","tiburon",NA,NA,"Salaverry",19,NA,27.3403324584427,4.37445319335083,25.4,4.1010498687664,NA,NA,NA,NA,2272.38108797205,"martillo","perico",NA,NA,NA,NA,NA,307,1335,NA,NA,NA,NA,NA,"K","K",NA,NA,NA,NA,NA,2071,2630
552,"Juan marcos",NA,NA,"Salaverry",4,2010-02-11,2010-02-21,"cortina","tollo",NA,NA,"Salaverry",20,NA,27.3403324584427,4.37445319335083,25.4,4.1010498687664,NA,NA,NA,NA,2391.98009260216,"martillo","perico","raya",NA,NA,NA,NA,497,339.5,195,NA,NA,NA,NA,"K","K","K",NA,NA,NA,NA,2200,3768
553,"Juan marcos",NA,NA,"Salaverry",4,2010-02-24,2010-03-03,"cortina","tollo",NA,NA,"Salaverry",20,NA,27.3403324584427,4.37445319335083,25.4,4.1010498687664,NA,NA,NA,NA,2391.98009260216,"martillo","perico","raya",NA,NA,NA,NA,362,998,115,NA,NA,NA,NA,"K","K","K",NA,NA,NA,NA,2450,4876
554,"Juan marcos",NA,NA,"Salaverry",4,2010-03-08,2010-03-15,"cortina","tollo",NA,NA,"Salaverry",20,NA,27.3403324584427,4.37445319335083,25.4,4.1010498687664,NA,NA,NA,NA,2391.98009260216,"martillo, zorro","perico",NA,NA,NA,NA,NA,704,779,NA,NA,NA,NA,NA,"K","K",NA,NA,NA,NA,NA,2150,5145
555,"Juan marcos",NA,NA,"Salaverry",4,2010-03-18,2010-03-23,"cortina","tollo",NA,NA,"Salaverry",20,NA,27.3403324584427,4.37445319335083,25.4,4.1010498687664,NA,NA,NA,NA,2391.98009260216,"martillo","perico",NA,NA,NA,NA,NA,975,1125,NA,NA,NA,NA,NA,"K","K",NA,NA,NA,NA,NA,2600,8320
556,"Juan marcos",NA,NA,"Salaverry",4,2010-03-27,2010-04-03,"cortina","tollo",NA,NA,"Salaverry",20,NA,27.3403324584427,4.37445319335083,25.4,4.1010498687664,NA,NA,NA,NA,2391.98009260216,"martillo","zorro","perico","vela",NA,NA,NA,321,466,551,174,NA,NA,NA,"K","K","K","K",NA,NA,NA,2414,8176
560,"Juan marcos",NA,NA,"Salaverry",4,2010-04-06,2010-04-12,"cortina","tollo",NA,NA,"Salaverry",20,NA,27.3403324584427,4.37445319335083,25.4,4.1010498687664,NA,NA,NA,NA,2391.98009260216,"martillo","raya",NA,NA,NA,NA,NA,692,1195,NA,NA,NA,NA,NA,"K","K",NA,NA,NA,NA,NA,2650,7230
561,"Juan marcos",NA,NA,"Salaverry",4,2010-04-17,2010-04-23,"cortina","tollo",NA,NA,"Salaverry",20,NA,27.3403324584427,4.37445319335083,25.4,4.1010498687664,NA,NA,NA,NA,2391.98009260216,"tollo","perico","vela",NA,NA,NA,NA,230,90,50,NA,NA,NA,NA,"K","K","K",NA,NA,NA,NA,1895,1090
562,"JR",NA,NA,"Salaverry",4,2010-05-20,2010-05-25,"cortina","tollo",NA,NA,"Salaverry",20,NA,27.3403324584427,4.37445319335083,25.4,4.1010498687664,NA,NA,NA,NA,2391.98009260216,"martillo","raya",NA,NA,NA,NA,NA,298,516,NA,NA,NA,NA,NA,"K","K",NA,NA,NA,NA,NA,2104,2505
563,"Juan marcos",NA,NA,"Salaverry",4,2010-06-02,2010-06-07,"cortina","tollo",NA,NA,"Yacila-Paita",20,NA,27.3403324584427,4.37445319335083,25.4,4.1010498687664,NA,NA,NA,NA,2391.98009260216,"martillo",NA,NA,NA,NA,NA,NA,1715,NA,NA,NA,NA,NA,NA,"K",NA,NA,NA,NA,NA,NA,2200,7150
567,"Juan marcos",NA,NA,"Salaverry",4,2010-06-21,2010-06-26,"cortina","tollo",NA,NA,"Salaverry",20,NA,27.3403324584427,4.37445319335083,25.4,4.1010498687664,NA,NA,NA,NA,2391.98009260216,"martillo",NA,NA,NA,NA,NA,NA,485,NA,NA,NA,NA,NA,NA,"K",NA,NA,NA,NA,NA,NA,2180,2210
568,"Juan marcos",NA,NA,"Salaverry",4,2010-07-13,2010-07-19,"cortina","tollo",NA,NA,"Salaverry",20,NA,27.3403324584427,4.37445319335083,25.4,4.1010498687664,NA,NA,NA,NA,2391.98009260216,"azul","cacho",NA,NA,NA,NA,NA,128,24,NA,NA,NA,NA,NA,"K","K",NA,NA,NA,NA,NA,1645,495
572,"El Arca",NA,NA,"Salaverry",4,2010-09-25,2010-10-03,"cortina","tollo","espada",NA,"Salaverry",22,NA,27.3403324584427,4.37445319335083,19.05,4.1010498687664,NA,NA,NA,NA,2631.17810186238,"espada","cacho","azul",NA,NA,NA,NA,268,99.4,124,NA,NA,NA,NA,"K","K","K",NA,NA,NA,NA,2561,2346
574,"El Arca",NA,NA,"Salaverry",4,2010-10-20,2010-11-06,"cortina","tollo",NA,NA,"Salaverry",22,NA,27.3403324584427,4.37445319335083,20.32,4.1010498687664,NA,NA,NA,NA,2631.17810186238,"martillo","azul","cazon","espada","raya",NA,NA,108,39,46,251,668,NA,NA,"K","K","K","K","K",NA,NA,3120,3050
575,"El Arca",NA,NA,"Salaverry",4,2010-11-02,2010-11-18,"cortina","tollo",NA,NA,"Salaverry",22,NA,27.3403324584427,4.37445319335083,19.05,4.1010498687664,NA,NA,NA,NA,2631.17810186238,"martillo","azul","espada","perico",NA,NA,NA,630,150,125,26,NA,NA,NA,"K","K","K","K",NA,NA,NA,2350,6274
576,"El Arca",NA,NA,"Salaverry",4,2010-11-22,2010-11-29,"cortina","tollo",NA,NA,"Salaverry",22,NA,27.3403324584427,4.37445319335083,19.05,4.1010498687664,NA,NA,NA,NA,2631.17810186238,"martillo","espada",NA,NA,NA,NA,NA,1550,285,NA,NA,NA,NA,NA,"K","K",NA,NA,NA,NA,NA,2145,14034
578,"El Arca",NA,NA,"Salaverry",4,2010-12-02,2010-12-11,"cortina","tollo",NA,NA,"Salaverry",20,NA,27.3403324584427,4.37445319335083,19.05,4.1010498687664,NA,NA,NA,NA,2391.98009260216,"espada","cacho","azul","raya","vela",NA,NA,301,135,97.8,645,35.5,NA,NA,"K","K","K","K","K",NA,NA,2525,2570
579,"El Arca",NA,NA,"Salaverry",4,2010-12-13,2010-12-21,"cortina","tollo",NA,NA,"Salaverry",22,NA,27.3403324584427,4.37445319335083,19.05,4.1010498687664,NA,NA,NA,NA,2631.17810186238,"martillo","perico","espada","azul","zorro","vela",NA,1032,453,146,22.8,48.3,23,NA,"K","K","K","K","K","K",NA,2785,11015
581,"El Arca",NA,NA,"Salaverry",4,2010-12-25,2011-01-02,"cortina","tollo",NA,NA,"Salaverry",22,NA,27.3403324584427,4.37445319335083,20.32,4.1010498687664,NA,NA,NA,NA,2631.17810186238,"martillo","perico","azul","bonito","espada",NA,NA,1625,332,37,83,70,NA,NA,"K","K","K","K","K",NA,NA,3200,12762
582,"El Arca",NA,NA,"Salaverry",4,2011-01-08,2011-01-17,"cortina","tollo",NA,NA,"Salaverry",22,NA,27.3403324584427,4.37445319335083,19.05,4.1010498687664,NA,NA,NA,NA,2631.17810186238,"perico","zorro","diamante","cacho",NA,NA,NA,685,791,22,328,NA,NA,NA,"K","K","K","K",NA,NA,NA,3210,7155
583,"El Arca",NA,NA,"Salaverry",4,2011-01-20,2011-01-26,"cortina","tollo",NA,NA,"Salaverry",22,NA,27.3403324584427,4.37445319335083,19.05,4.1010498687664,NA,NA,NA,NA,2631.17810186238,"raya","tollo",NA,NA,NA,NA,NA,2330,80,NA,NA,NA,NA,NA,"K","K",NA,NA,NA,NA,NA,1930,6840
589,"El Arca",NA,NA,"Salaverry",4,2011-01-29,2011-02-05,"cortina","raya",NA,NA,"Salaverry",22,NA,27.3403324584427,4.37445319335083,19.05,4.1010498687664,NA,NA,NA,NA,2631.17810186238,"raya","tollo","azul",NA,NA,NA,NA,1314,50,185,NA,NA,NA,NA,"K","K","K",NA,NA,NA,NA,2162,5370
602,"El Arca",NA,NA,"Salaverry",4,2011-03-01,2011-03-09,"cortina","tollo",NA,NA,"Salaverry",22,NA,27.3403324584427,4.37445319335083,19.05,4.1010498687664,NA,NA,NA,NA,2631.17810186238,"zorro","cacho","cazon",NA,NA,NA,NA,1615,400,33,NA,NA,NA,NA,"K","K","K",NA,NA,NA,NA,3550,8862
603,"El Arca",NA,NA,"Salaverry",4,2011-03-15,2011-03-22,"cortina","tollo",NA,NA,"Salaverry",22,NA,27.3403324584427,4.37445319335083,19.05,4.1010498687664,NA,NA,NA,NA,2631.17810186238,"martillo","azul","pardo","perico","raya",NA,NA,635,48,56,81.5,17768,NA,NA,"K","K","K","K","K",NA,NA,3090,6980
604,"El Arca",NA,NA,"Salaverry",4,2011-03-27,2011-04-03,"cortina","raya",NA,NA,"Salaverry",22,NA,27.3403324584427,4.37445319335083,19.05,4.1010498687664,NA,NA,NA,NA,2631.17810186238,"raya",NA,NA,NA,NA,NA,NA,1950,NA,NA,NA,NA,NA,NA,"K","K","K","K","K",NA,NA,3220,2815
605,"El Arca",NA,NA,"Salaverry",4,2011-04-05,2011-04-13,"cortina","tollo",NA,NA,"Salaverry",22,NA,27.3403324584427,4.37445319335083,19.05,4.1010498687664,NA,NA,NA,NA,2631.17810186238,"martillo","vela","perico","azul","zorro","barracuda",NA,552,536,655,63,247,60,NA,"K","K","K","K","K","K",NA,3100,9290
606,"El Arca",NA,NA,"Salaverry",4,2011-04-15,2011-04-23,"cortina","tollo",NA,NA,"Salaverry",22,NA,27.3403324584427,4.37445319335083,19.05,4.1010498687664,NA,NA,NA,NA,2631.17810186238,"martillo","vela","zorro","diamante",NA,NA,NA,1388,766,159,19.5,NA,NA,NA,"K","K","K","K",NA,NA,NA,3560,20160
608,"Don Rafael",NA,NA,"Salaverry",4,2011-04-29,2011-05-07,"cortina","tollo",NA,NA,"Salaverry",26,NA,32.8083989501312,4.37445319335083,20.32,4.1010498687664,NA,NA,NA,NA,3731.48894445937,"zorro","vela",NA,NA,NA,NA,NA,2780,875,NA,NA,NA,NA,NA,"K","K",NA,NA,NA,NA,NA,4960,16250
609,"Don Rafael",NA,NA,"Salaverry",4,2011-05-12,2011-05-20,"cortina","tollo",NA,NA,"Salaverry",26,NA,32.8083989501312,4.37445319335083,20.32,4.1010498687664,NA,NA,NA,NA,3731.48894445937,"zorro","vela","merlin","diamante",NA,NA,NA,1561,186,140,56,NA,NA,NA,"K","K","K","K",NA,NA,NA,3733,5940
610,"Don Rafael",NA,NA,"Salaverry",4,2011-05-25,2011-06-01,"cortina","tollo",NA,NA,"Salaverry",26,NA,32.8083989501312,4.37445319335083,20.32,4.1010498687664,NA,NA,NA,NA,3731.48894445937,"zorro","vela","perico","barracuda","cacho",NA,NA,1585,2100,50,22,35,NA,NA,"K","K","K","K","K",NA,NA,4175,10470
611,"Don Rafael",NA,NA,"Salaverry",4,2011-06-07,2011-06-16,"manual","tollo",NA,NA,"Salaverry",26,NA,32.8083989501312,4.37445319335083,20.32,4.1010498687664,NA,NA,NA,NA,3731.48894445937,"martillo","azul",NA,NA,NA,NA,NA,1.15,30,NA,NA,NA,NA,NA,"K","K",NA,NA,NA,NA,NA,4835,8120
616,"mattias",NA,NA,"Salaverry",4,2011-07-22,2011-08-11,"manual","tollo",NA,NA,"Salaverry",27,NA,32.8083989501312,4.37445319335083,20.32,4.1010498687664,NA,NA,NA,NA,3875.0077500155,"tollo","espada","vela","perico","azul",NA,NA,939,181,186,48,165,NA,NA,"K","K","K","K","K",NA,NA,8850,11575
618,"mattias",NA,NA,"Salaverry",4,2011-08-17,2011-08-25,"manual","tollo",NA,NA,"Salaverry",26,NA,32.8083989501312,4.37445319335083,20.32,4.1010498687664,NA,NA,NA,NA,3731.48894445937,"espada","vela","diamante","azul","tuno","cacho",NA,475,373,370,128,143,31,NA,"K","K","K","K","K","K",NA,4285,4660
620,"mattias",NA,NA,"Salaverry",4,2011-09-12,2011-09-22,"manual","tollo",NA,NA,"Salaverry",26,NA,32.8083989501312,4.37445319335083,NA,4.1010498687664,NA,NA,NA,NA,3731.48894445937,"espada","azul","cacho","zorrito",NA,NA,NA,332,190.5,175,10,NA,NA,NA,"K","K","K","K","K",NA,NA,3025,1680
622,"mattias",NA,NA,"Salaverry",4,2011-09-30,2011-10-06,"manual","tollo",NA,NA,"Salaverry",26,NA,32.8083989501312,4.37445319335083,NA,4.1010498687664,NA,NA,NA,NA,3731.48894445937,"vidrio","azul","cazon","raya",NA,NA,NA,203,131,16,1840,NA,NA,NA,"K","K","K","K",NA,NA,NA,3846,2340
623,"El Arca",NA,NA,"Salaverry",4,2011-10-24,2011-11-03,"manual","tollo",NA,NA,"Salaverry",27,NA,24.6062992125984,4.37445319335083,8,4.1010498687664,NA,NA,NA,NA,2906.25581251163,"martillo","azul","vela","espada","perico","diamante",NA,315,255,141,163,29.5,19,NA,"K","K","K","K","K","K",NA,3555,3760
624,"El Arca",NA,NA,"Salaverry",4,2011-11-06,2011-11-16,"manual","tollo",NA,NA,"Salaverry",27,NA,24.6062992125984,4.37445319335083,19.05,4.1010498687664,NA,NA,NA,NA,2906.25581251163,"martillo","diamante","azul","bonito",NA,NA,NA,1320,128,362,105,NA,NA,NA,"K","K","K","K",NA,NA,NA,3122,4800
626,"El Arca",NA,NA,"Salaverry",4,2011-11-20,2011-11-25,"manual","tollo",NA,NA,"Salaverry",26,NA,24.6062992125984,4.37445319335083,8,4.1010498687664,NA,NA,NA,NA,2798.61670834453,"perico","cacho","espada",NA,NA,NA,NA,739,40,142,NA,NA,NA,NA,"K","K","K",NA,NA,NA,NA,2915,1407
627,"El Arca",NA,NA,"Salaverry",4,2011-11-27,2011-12-15,"manual","tollo",NA,NA,"Salaverry",26,NA,24.6062992125984,4.37445319335083,8,4.1010498687664,NA,NA,NA,NA,2798.61670834453,"martillo","vela","espada","perico","bonito",NA,NA,715,120,133,410,906,NA,NA,"K","K","K","K","K",NA,NA,4271,1270
630,"El Arca",NA,NA,"Salaverry",4,2011-12-08,2011-12-16,"manual","tollo",NA,NA,"Salaverry",26,NA,24.6062992125984,4.37445319335083,20.32,4.1010498687664,NA,NA,NA,NA,2798.61670834453,"martillo","azul","perico","cazon",NA,NA,NA,2250,92,231,274,NA,NA,NA,"K","K","K","K",NA,NA,NA,3840,9140
631,"El Arca",NA,NA,"Salaverry",4,2011-12-18,2011-12-23,"manual","raya",NA,NA,"Salaverry",26,NA,24.6062992125984,4.37445319335083,19.05,4.1010498687664,NA,NA,NA,NA,2798.61670834453,"raya","vidrio",NA,NA,NA,NA,NA,980,10,NA,NA,NA,NA,NA,"K","K",NA,NA,NA,NA,NA,2210,350
633,"El Arca",NA,NA,"Salaverry",4,2011-12-27,2012-01-04,"manual","tollo",NA,NA,"Salaverry",26,NA,24.6062992125984,4.37445319335083,19.05,4.1010498687664,NA,NA,NA,NA,2798.61670834453,"tollo","azul","vela","espada","perico","bonito",NA,558,236,131,145,1286,41,NA,"K","K","K","K","K","K",NA,3990,6513
634,"El Arca",NA,NA,"Salaverry",4,2012-01-07,2012-01-15,"manual","tollo",NA,NA,"Salaverry",26,NA,24.6062992125984,NA,19.05,4.1010498687664,NA,NA,NA,NA,NA,"azul","vidrio","cazon","cachos","raya","perico",NA,82,13,27,210,480,120,NA,"K","K","K","K","K","K",NA,3528,1250
636,"El Arca",NA,NA,"Salaverry",3,2012-01-18,2012-01-26,"manual","tollo",NA,NA,"Salaverry",26,NA,24.6062992125984,4.37445319335083,7.8,4.1010498687664,NA,NA,NA,NA,2798.61670834453,"martillo","perico","vela","raya",NA,NA,NA,888,1400,123,332,NA,NA,NA,"K","K","K","K",NA,NA,NA,5595,4770
639,"El Arca",NA,NA,"Salaverry",4,2012-01-30,2012-02-09,"manual","tollo",NA,NA,"Salaverry",26,NA,24.6062992125984,4.37445319335083,8,4.1010498687664,NA,NA,NA,NA,2798.61670834453,"martillo","perico","raya","vela","vidrio","azul",NA,485,541,1188,200,23,74,NA,"K","K","K","K","K","K",NA,3600,2780
640,"El Arca",NA,NA,"Salaverry",4,2012-02-14,2012-02-22,"manual","tollo",NA,NA,"Salaverry",26,NA,24.6062992125984,4.37445319335083,19.05,4.1010498687664,NA,NA,NA,NA,2798.61670834453,"martillo","pardo","vela","espada","perico",NA,NA,115,30,357,110,3050,NA,NA,"K","K","K","K","K",NA,NA,4245,4150
641,"El Arca",NA,NA,"Salaverry",4,2012-02-28,2012-03-07,"cortina","tollo",NA,NA,"Salaverry",26,NA,24.6062992125984,4.37445319335083,19.05,4.1010498687664,NA,NA,NA,NA,2798.61670834453,"tollo","zorro","bonito","raya","perico",NA,NA,450,50,830,340,1291,NA,NA,"K","K","K","K","K",NA,NA,4560,3360
643,"El Arca",NA,NA,"Salaverry",4,2012-03-12,2012-03-21,"cortina","tollo",NA,NA,"Salaverry",26,NA,24.6062992125984,4.37445319335083,18.542,4.1010498687664,NA,NA,NA,NA,2798.61670834453,"martillo","zorro","perico","bonito","vela",NA,NA,707,845,273,154,345,NA,NA,"K","K","K","K","K",NA,NA,4555,3490
656,"El Arca",NA,NA,"Salaverry",4,2012-03-27,2012-04-04,"cortina","tollo",NA,NA,"Salaverry",26,NA,24.6062992125984,4.37445319335083,19.05,4.1010498687664,NA,NA,NA,NA,2798.61670834453,"tollo","perico","raya","zorro","vela","caballa",NA,1075,450,150,79,29,170,NA,"K","K","K","K","K","K",NA,4140,5055
657,"El Arca",NA,NA,"Salaverry",4,2012-04-10,2012-04-18,"cortina","tollo",NA,NA,"Salaverry",26,NA,24.6062992125984,4.37445319335083,19.05,4.1010498687664,NA,NA,NA,NA,2798.61670834453,"martillo","azul","zorro","vela","raya",NA,NA,406,84,377,66,86.7,NA,NA,"K","K","K","K","K",NA,NA,3785,1580
663,"El Arca",NA,NA,"Salaverry",4,2012-04-25,2012-05-03,"cortina","tollo",NA,NA,"Salaverry",26,NA,24.6062992125984,4.37445319335083,19.05,4.1010498687664,NA,NA,NA,NA,2798.61670834453,"martillo","zorro","diamante","perico","barracuda","tuno",NA,523,363,57,530,71,13,NA,"K","K","K","K","K","K",NA,4390,2555
664,"El Arca",NA,NA,"Salaverry",4,2012-05-09,2012-05-16,"cortina","tollo",NA,NA,"Salaverry",26,NA,24.6062992125984,4.37445319335083,19.05,4.1010498687664,NA,NA,NA,NA,2798.61670834453,"zorro","vela","tuno","perico","azul","cacho",NA,1645,95,41,92,410,30,NA,"K","K","K","K","K","K",NA,4390,4500
668,"El Arca",NA,NA,"Salaverry",4,2012-05-22,2012-05-31,"manual","tollo",NA,NA,"Salaverry",26,NA,24.6062992125984,4.37445319335083,19.05,4.1010498687664,NA,NA,NA,NA,2798.61670834453,"zorro","azul","perico","vela","pota","barracuda","merlin",1245,55,230,85,1600,19,350,"K","K","K","K","K","K","K",3930,4300
669,"El Arca",NA,NA,"Salaverry",4,2012-06-13,2012-06-20,"manual","tollo",NA,NA,"Salaverry",26,NA,24.6062992125984,4.37445319335083,19.05,4.1010498687664,NA,NA,NA,NA,2798.61670834453,"zorro","merlin","vela","perico","tuno","azul","barrilete",863,1385,951,72,95,57,230,"K","K","K","K","K","K","K",3950,4800
671,"El Arca",NA,NA,"Salaverry",4,2012-07-10,2012-07-19,"manual","tollo",NA,NA,"Salaverry",26,NA,24.6062992125984,4.37445319335083,19.05,4.1010498687664,NA,NA,NA,NA,2798.61670834453,"vela","azul","perico","merlin",NA,NA,NA,226,46,708,1486.5,NA,NA,NA,"K","K","K","K",NA,NA,NA,4270,3845
674,"El Arca II",NA,NA,"Salaverry",4,2012-07-26,2012-08-03,"manual","tollo",NA,NA,"Salaverry",26,NA,24.6062992125984,4.37445319335083,2.032,4.1010498687664,NA,NA,NA,NA,2798.61670834453,"martillo","azul","cazon","zorro","vidrio",NA,NA,260,91,3.5,118,22.5,NA,NA,"K","K","K","K","K",NA,NA,2600,1604
728,"Teresa de Jesus",NA,NA,"Salaverry",4,2012-12-06,2012-12-18,"manual","tollo",NA,NA,"Salaverry",24,NA,32.8083989501312,4.37445319335083,19.05,4.1010498687664,NA,NA,NA,NA,3444.45133334711,"martillo","azul","perico","zorro","raya",NA,NA,455,32,93,9.5,868,NA,NA,"K","K","K","K","K",NA,NA,3560,880
731,"Teresa de Jesus",NA,NA,"Salaverry",4,2012-12-22,2012-02-01,"manual","tollo",NA,NA,"Salaverry",25,NA,32.8083989501312,4.37445319335083,19.05,4.1010498687664,NA,NA,NA,NA,3587.97013890324,"martillo","raya","perico","bonito",NA,NA,NA,1050,900,49,98,NA,NA,NA,"K","K","K","K",NA,NA,NA,4150,4087
732,"Teresa de Jesus",NA,NA,"Salaverry",4,2013-01-06,2013-01-12,"manual","tollo",NA,NA,"Salaverry",25,NA,32.8083989501312,4.37445319335083,20.32,4.1010498687664,NA,NA,NA,NA,3587.97013890324,"martillo","perico","bonito","pota",NA,NA,NA,215,1780,142,205,NA,NA,NA,"K","K","K","K",NA,NA,NA,4125,2890
743,"Teresa de Jesus",NA,NA,"Salaverry",4,2013-01-17,2013-01-26,"manual","tollo",NA,NA,"Salaverry",25,NA,32.8083989501312,4.37445319335083,19.05,4.1010498687664,NA,NA,NA,NA,3587.97013890324,"martillo","raya",NA,NA,NA,NA,NA,1523,731,NA,NA,NA,NA,NA,"K","K",NA,NA,NA,NA,NA,4051,2620
748,"Teresa de Jesus",NA,NA,"Salaverry",4,2013-02-01,2013-02-09,"manual","tollo",NA,NA,"Salaverry",25,NA,32.8083989501312,4.1010498687664,20.32,4.1010498687664,NA,NA,NA,NA,3363.72200522179,"martillo","perico","bonito","raya",NA,NA,NA,720,1350,310,40,NA,NA,NA,"K","K","K","K",NA,NA,NA,4950,1998
750,"Teresa de Jesus",NA,NA,"Salaverry",4,2013-02-15,2013-02-25,"manual","tollo",NA,NA,"Salaverry",28,NA,32.8083989501312,NA,20.32,4.1010498687664,NA,NA,NA,NA,NA,"tollo","raya","perico",NA,NA,NA,NA,190,120,210,NA,NA,NA,NA,"K","K","K",NA,NA,NA,NA,3400,0
751,"Teresa de Jesus",NA,NA,"Salaverry",4,2013-03-03,2013-03-13,"manual","tollo",NA,NA,"Salaverry",28,NA,32.8083989501312,4.37445319335083,20.32,4.1010498687664,NA,NA,NA,NA,4018.52655557163,"martillo","perico","zorro","pardo","pota",NA,NA,79,578,287,17,768,NA,NA,"K","K","K","K","K",NA,NA,3955,990
790,"Teresa de Jesus",NA,NA,"Salaverry",4,2013-03-15,2013-03-27,"manual","tollo",NA,NA,"Salaverry",28,NA,60,8,19.05,4.1010498687664,NA,NA,NA,NA,13440,"martillo","zorro","perico","bonito","manta",NA,NA,880,750,305,185,140,NA,NA,"K","K","K","K","K",NA,NA,5995,6600
791,"Teresa de Jesus",NA,NA,"Salaverry",4,2013-04-02,2013-04-13,"manual",NA,NA,NA,"Salaverry",28,NA,60,8,19.05,NA,NA,NA,NA,NA,13440,"martillo","perico","vela","zorro","raya","bonito",NA,220,500,360,250,520,50,NA,"K","K","K","K","K","K",NA,5125,3350
813,"Teresa de Jesus",NA,NA,"Salaverry",4,2013-04-24,2013-05-04,"manual","tollo",NA,NA,"Salaverry",29,NA,27.3403324584427,4.37445319335083,19.05,NA,NA,NA,NA,NA,3468.37113427313,"raya","cacho","zorro","vidrio","pota",NA,NA,700,80,76,10,1990,NA,NA,"K","K","K","K","K",NA,NA,3450,1180
832,"Teresa de Jesus",NA,NA,"Salaverry",4,2013-05-08,2013-05-20,"manual","tollo",NA,NA,"Salaverry",28,NA,27.3403324584427,4.37445319335083,20.32,NA,NA,NA,NA,NA,3348.77212964302,"espada","vela","cacho","azul","perico","merlin","otro",620,454,450,180,190,75,116,"K","K","K","K","K","K","K",3950,5300
833,"Teresa de Jesus",NA,NA,"Salaverry",4,2013-05-27,2013-06-09,"manual","tollo",NA,NA,"Salaverry",31,NA,27.3403324584427,4.37445319335083,20.32,4.1010498687664,NA,NA,NA,NA,3707.56914353335,"raya","zorro","cacho","azul","vela",NA,NA,3250,465,280,280,310,NA,NA,"K","K","K","K","K",NA,NA,5090,7500
851,"Teresa de Jesus",NA,NA,"Salaverry",4,2013-06-26,2013-07-03,"manual","raya",NA,NA,"Salaverry",32,NA,27.3403324584427,4.37445319335083,20.32,4.1010498687664,NA,NA,NA,NA,3827.16814816346,"raya","lorna","lenguado",NA,NA,NA,NA,1300,22,5,NA,NA,NA,NA,"K","K","K",NA,NA,NA,NA,3250,1085
1010,"Teresa de Jesus",NA,NA,"Salaverry",4,2013-08-20,2013-08-29,"manual","raya",NA,NA,"Salaverry",30,NA,27.3403324584427,4.37445319335083,20.32,4.1010498687664,NA,NA,NA,NA,3587.97013890324,"raya","azul",NA,NA,NA,NA,NA,96,35,NA,NA,NA,NA,NA,"K","K",NA,NA,NA,NA,NA,3,0
1042,"Teresa de Jesus",NA,NA,"Salaverry",4,2013-09-08,2013-09-16,"manual","tollo",NA,NA,"Salaverry",30,NA,27.3403324584427,4.37445319335083,20.32,4.1010498687664,NA,NA,NA,NA,3587.97013890324,"vidrio","azul","raya",NA,NA,NA,NA,218,310,400,NA,NA,NA,NA,"K","K","K",NA,NA,NA,NA,3195,1330
1070,"Teresa de Jesus",NA,NA,"Salaverry",4,2013-09-21,2013-09-30,"manual","tollo",NA,NA,"Salaverry",30,NA,27.3403324584427,4.37445319335083,20.32,4.1010498687664,NA,NA,NA,NA,3587.97013890324,"azul","vidrio","raya",NA,NA,NA,NA,230,180,280,NA,NA,NA,NA,"K","K","K",NA,NA,NA,NA,3150,670
1085,"Teresa de Jesus",NA,NA,"Salaverry",4,2013-10-08,2013-10-18,"manual","tiburon",NA,NA,"Salaverry",30,NA,27.3403324584427,4.37445319335083,20.32,4.1010498687664,NA,NA,NA,NA,3587.97013890324,"azul","raya","vidrio",NA,NA,NA,NA,356,510,7,NA,NA,NA,NA,"K","K","K",NA,NA,NA,NA,3,620
1092,"Teresa de Jesus",NA,NA,"Salaverry",4,2013-10-31,2013-07-11,"manual","raya",NA,NA,"Salaverry",17,NA,30.074365704287,4.37445319335083,19.05,3.28083989501312,NA,NA,NA,NA,2236.50138658302,"raya",NA,NA,NA,NA,NA,NA,2.59,NA,NA,NA,NA,NA,NA,"K",NA,NA,NA,NA,NA,NA,3250,2600
1100,"Teresa de Jesus",NA,NA,"Salaverry",4,2013-11-13,2013-11-24,"manual","tollo","raya",NA,"Salaverry",34,NA,27.3403324584427,4.37445319335083,20.32,4.1010498687664,NA,NA,NA,NA,4066.36615742367,"raya","azul","zorro","espada","pardo","cacho",NA,1610,347,20,11,29,70,NA,"K","K","K","K","K","K",NA,3999,3360
1107,"Teresa de Jesus",NA,NA,"Salaverry",4,2013-11-28,2013-10-12,"manual","tollo",NA,NA,"Salaverry",31,NA,27.3403324584427,4.37445319335083,8,4.1010498687664,NA,NA,NA,NA,3707.56914353335,"martillo","azul","pota","manta","perico","raya",NA,781,577,404,868,94,25,NA,"K","K","K","K","K","K",NA,4520,5600
1119,"Teresa de Jesus",NA,NA,"Salaverry",4,2013-12-14,NA,"manual","tollo",NA,NA,"Salaverry",8,NA,27.3403324584427,4.37445319335083,20.32,4.37445319335083,NA,NA,NA,NA,956.792037040864,"martillo","azul","raya","perico","manta","zorro","pardo",185,200,120,196,295,1010,25,"K","K","K","K","K","K","K",5545,6710
1121,"Teresa de Jesus",NA,NA,"Salaverry",3,2014-01-01,2014-01-08,"manual","bonito",NA,NA,"Salaverry",10,NA,21.8722659667542,3.82764654418198,11.43,3.82764654418198,NA,NA,NA,NA,837.193032410756,"bonito","martillo","perico",NA,NA,NA,NA,3500,80,73,NA,NA,NA,NA,"K","K","K",NA,NA,NA,NA,4200,2530
1134,"Teresa de Jesus",NA,NA,"Salaverry",4,2014-11-01,2014-01-19,"manual","tollo",NA,NA,"Salaverry",28,NA,24.6062992125984,4.37445319335083,20.32,4.1010498687664,NA,NA,NA,NA,3013.89491667872,"martillo","azul","raya","bonito",NA,NA,NA,2200,150,400,250,NA,NA,NA,"K","K","K","K",NA,NA,NA,4950,6400
1135,"Teresa de Jesus",NA,NA,"Salaverry",4,2014-01-25,2014-01-29,"manual","tollo",NA,NA,"Salaverry",18,NA,24.6062992125984,4.37445319335083,20.32,4.1010498687664,NA,NA,NA,NA,1937.50387500775,"bonito","perico","cacho","raya",NA,NA,NA,1250,450,130,15,NA,NA,NA,"K","K","K","K",NA,NA,NA,3950,2088
1145,"Teresa de Jesus",NA,NA,"Salaverry",4,2014-02-02,2014-06-02,"manual","tollo",NA,NA,"Salaverry",25,NA,24.6062992125984,4.37445319335083,20.32,4.1010498687664,NA,NA,NA,NA,2690.97760417743,"tollo","perico",NA,NA,NA,NA,NA,3310,280,NA,NA,NA,NA,NA,"K","K",NA,NA,NA,NA,NA,5150,10240
1146,"Teresa de Jesus",NA,NA,"Salaverry",4,2014-12-02,2014-02-20,"manual","tollo",NA,NA,"Salaverry",25,NA,24.6062992125984,4.37445319335083,20.32,4.1010498687664,NA,NA,NA,NA,2690.97760417743,"bonito","perico","cacho","vela",NA,NA,NA,1450,835,140,116,NA,NA,NA,"K","K","K","K",NA,NA,NA,4980,2620
1148,"Teresa de Jesus",NA,NA,"Salaverry",NA,2014-02-25,2014-08-03,"manual","tollo",NA,NA,"Salaverry",25,NA,24.6062992125984,4.37445319335083,11.43,4.1010498687664,NA,NA,NA,NA,2690.97760417743,"martillo","perico","raya","azul","diamante","bonito",NA,720,780,90,58,13,330,NA,"K","K","K","K","K","K",NA,4930,2780
1150,"Teresa de Jesus",NA,NA,"Salaverry",4,2014-03-13,2014-03-23,"manual","tollo",NA,NA,"Salaverry",28,NA,45,8,11.43,4.1010498687664,NA,NA,NA,NA,10080,"zorro","vela","perico","martillo","barracuda","bonito","raya",192,170,823,408,42,32,78,"K","K","K","K","K","K","K",4950,2330
1156,"Teresa de Jesus",NA,NA,"Salaverry",4,2014-04-09,2014-04-17,"manual","tollo",NA,NA,"Salaverry",28,NA,24.6062992125984,4.37445319335083,20.32,4.1010498687664,NA,NA,NA,NA,3013.89491667872,"cacho","raya","zorrillo",NA,NA,NA,NA,375,50,53,NA,NA,NA,NA,"K","K","K",NA,NA,NA,NA,3100,850
1157,"Teresa de Jesus",NA,NA,"Salaverry",4,2014-03-26,2014-07-04,"manual","tollo",NA,NA,"Salaverry",28,NA,24.6062992125984,4.37445319335083,20.32,4.1010498687664,NA,NA,NA,NA,3013.89491667872,"zorro","perico","vela","barracuda","albacora","raya",NA,810,790,352,80,48,333,NA,"K","K","K","K","K","K",NA,5250,6400
1161,"Teresa de Jesus",NA,NA,"Salaverry",4,2014-04-30,2014-05-13,"manual","tollo",NA,NA,"Salaverry",28,NA,24.6062992125984,4.37445319335083,20.32,4.1010498687664,NA,NA,NA,NA,3013.89491667872,"zorro","perico","barracuda","vela","merlin","diamante",NA,530,450,48,180,178,39,NA,"K","K","K","K","K","K",NA,4480,3600
1164,"Teresa de Jesus",NA,NA,"Salaverry",4,2014-05-17,2014-05-27,"manual","tollo",NA,NA,"Salaverry",28,NA,24.6062992125984,4.37445319335083,20.32,4.1010498687664,NA,NA,NA,NA,3013.89491667872,"zorro","merlin","perico","azul",NA,NA,NA,1200,480,150,115,NA,NA,NA,"K","K","K","K",NA,NA,NA,5050,2420
1172,"Teresa de Jesus",NA,NA,"Salaverry",4,2014-06-06,2014-06-18,"manual","tollo",NA,NA,"Salaverry",28,NA,24.6062992125984,4.37445319335083,20.32,4.1010498687664,NA,NA,NA,NA,3013.89491667872,"cacho",NA,NA,NA,NA,NA,NA,72,NA,NA,NA,NA,NA,NA,"K",NA,NA,NA,NA,NA,NA,3945,2700
1178,"Teresa de Jesus",NA,NA,"Salaverry",3,2014-07-02,2014-07-04,"manual","raya",NA,NA,"Salaverry",22,NA,24.6062992125984,4.37445319335083,20.32,4.37445319335083,NA,NA,NA,NA,2368.06029167614,"raya",NA,NA,NA,NA,NA,NA,80,NA,NA,NA,NA,NA,NA,"K",NA,NA,NA,NA,NA,NA,2250,NA
1183,"motor y motivo",NA,NA,"Salaverry",4,2014-01-08,2014-11-08,"manual","raya",NA,NA,"Salaverry",15,15,27.3403324584427,6.01487314085739,25.4,3.28083989501312,NA,NA,NA,NA,2466.72947049598,"raya aguila","azul","vidrio",NA,NA,NA,NA,NA,NA,NA,NA,NA,NA,NA,NA,NA,NA,NA,NA,NA,NA,NA,NA
1184,"Don Nico",NA,NA,"Salaverry",4,2014-08-26,2014-05-09,"manual","raya",NA,NA,"Salaverry",12,12,27.3403324584427,3.82764654418198,35.56,NA,NA,NA,NA,NA,1255.78954861613,NA,NA,NA,NA,NA,NA,NA,NA,NA,NA,NA,NA,NA,NA,NA,NA,NA,NA,NA,NA,NA,1600,6000
1185,"Don Nico",NA,NA,"Salaverry",3,2014-11-09,2014-09-21,"manual","raya",NA,NA,"Salaverry",12,12,27.3403324584427,3.82764654418198,35.56,NA,NA,NA,NA,NA,1255.78954861613,"raya",NA,NA,NA,NA,NA,NA,100,NA,NA,NA,NA,NA,NA,"K",NA,NA,NA,NA,NA,NA,1500,1300
1186,"Don Nico",NA,NA,"Salaverry",3,2014-09-26,2014-10-05,"manual","raya",NA,NA,"Salaverry",12,12,27.3403324584427,3.82764654418198,30.48,NA,NA,NA,NA,NA,1255.78954861613,"raya","azul",NA,NA,NA,NA,NA,1500,70,NA,NA,NA,NA,NA,"K","K",NA,NA,NA,NA,NA,1500,2500
1188,"Don Nico",NA,NA,"Salaverry",3,2014-10-10,2014-10-20,"manual","raya",NA,NA,"Salaverry",12,12,31.7147856517935,7.1084864391951,35.56,3.82764654418198,NA,NA,NA,NA,2705.32948473304,"raya",NA,NA,NA,NA,NA,NA,1200,NA,NA,NA,NA,NA,NA,"K",NA,NA,NA,NA,NA,NA,1600,1500
1204,"Teresa de Jesus",NA,NA,"Salaverry",4,2014-10-15,2014-10-25,"manual","tollo",NA,NA,"Salaverry",26,26,24.6062992125984,4.1010498687664,20.32,NA,18,45,NA,NA,2623.703164073,"cacho","azul","diamante","zorrillo","vidrio",NA,NA,140,230,30,24,23,NA,NA,"K","K","K","K","K",NA,NA,3200,NA
1205,"Teresa de Jesus",NA,NA,"Salaverry",4,2014-10-30,2014-11-07,"manual","raya",NA,NA,"Salaverry",25,25,24.6062992125984,4.1010498687664,20.32,4.1010498687664,18,45,NA,NA,2522.79150391634,"raya",NA,NA,NA,NA,NA,NA,1514,NA,NA,NA,NA,NA,NA,"K",NA,NA,NA,NA,NA,NA,2450,1985
1206,"Don Nico",NA,NA,"Salaverry",3,2014-10-25,2014-11-03,"manual","raya",NA,NA,"Salaverry",12,12,31.7147856517935,7.1084864391951,35.56,NA,0,0,NA,NA,2705.32948473304,"raya",NA,NA,NA,NA,NA,NA,1800,NA,NA,NA,NA,NA,NA,"K",NA,NA,NA,NA,NA,NA,1500,3600
1207,"Don Nico",NA,NA,"Salaverry",3,2014-11-08,2014-11-13,NA,"raya",NA,NA,"Salaverry",12,12,31.7147856517935,7.1084864391951,35.56,2.73403324584427,0,0,NA,NA,2705.32948473304,"raya",NA,NA,NA,NA,NA,NA,600,NA,NA,NA,NA,NA,NA,"K",NA,NA,NA,NA,NA,NA,1200,750
1213,"Teresa de Jesus",NA,NA,"Salaverry",3,2014-11-09,2014-11-18,"manual","tollo","raya",NA,"Salaverry",26,26,24.6062992125984,4.37445319335083,20.32,4.1010498687664,18,45,NA,NA,2798.61670834453,"zorro","azul","martillo","manta","vidrio","bonito",NA,1080,300,110,30,20,100,NA,"K","K","K","K","K","K",NA,3500,6080
1218,"Don Nico",NA,NA,"Salaverry",3,2014-11-16,2014-11-24,"manual","tollo","raya",NA,"Salaverry",20,20,31.7147856517935,1.09361329833771,20.32,NA,20,58,NA,NA,693.674226854627,"tiburon","raya",NA,NA,NA,NA,NA,NA,NA,NA,NA,NA,NA,NA,NA,NA,NA,NA,NA,NA,NA,1600,3300
1219,"Teresa de Jesus",NA,NA,"Salaverry",4,2014-11-24,2014-03-12,"manual","tollo",NA,NA,"Salaverry",26,26,24.6062992125984,4.1010498687664,20.32,NA,26,45,NA,NA,2623.703164073,"martillo","azul","zorro","vidrio","cazon","raya",NA,900,650,540,30,25,42,NA,"K","K","K","K","K","K",NA,4660,NA
1220,"Don Nico",NA,NA,"Salaverry",4,2014-11-30,2014-10-12,"manual","tiburon",NA,NA,"Salaverry",22,22,32.8083989501312,4.37445319335083,20.32,4.37445319335083,0,0,NA,NA,3157.41372223485,"tiburon",NA,NA,NA,NA,NA,NA,800,NA,NA,NA,NA,NA,NA,"K",NA,NA,NA,NA,NA,NA,2400,1920
1221,"Teresa de Jesus",NA,NA,"Salaverry",4,2014-12-07,2014-12-18,"manual",NA,NA,NA,"Salaverry",28,28,24.6062992125984,4.37445319335083,20.32,NA,0,0,NA,NA,3013.89491667872,"martillo","azul","vidrio","cazon",NA,NA,NA,950,260,10,13,NA,NA,NA,"K","K","K","K",NA,NA,NA,4970,2800
1231,"Teresa de Jesus",NA,NA,"Salaverry",4,2014-12-26,2015-06-01,"manual","tiburon",NA,NA,"Salaverry",26,1,24.6062992125984,4.1010498687664,20.32,NA,0,0,NA,NA,2623.703164073,"martillo","perico","raya","azul",NA,NA,NA,1150,1285,790,38,NA,NA,NA,"I","I","I","K",NA,NA,NA,5100,NA
1232,"Don Nico",NA,NA,"Salaverry",3,2014-12-19,2014-12-28,"manual","tiburon",NA,NA,"Salaverry",22,0,31.7147856517935,4.1010498687664,NA,NA,0,0,NA,NA,2861.40618577533,"martillo","manta",NA,NA,NA,NA,NA,800,1000,NA,NA,NA,NA,NA,"K","K",NA,NA,NA,NA,NA,2500,3600
1233,"Teresa de Jesus",NA,NA,"Salaverry",4,2015-01-11,2015-01-22,"manual","tiburon",NA,NA,"Salaverry",26,26,24.6062992125984,3.82764654418198,NA,NA,0,0,NA,NA,2448.78961980146,"cacho","perico","zorro","azul","raya","bonito",NA,1150,610,465,307,80,60,NA,"K","K","K","K","K","K",NA,5200,NA
1238,"Don Nico",NA,NA,"Salaverry",4,2015-01-17,2015-01-24,"manual","tiburon",NA,NA,"Salaverry",23,23,32.8083989501312,3.82764654418198,20.32,3.82764654418198,0,0,NA,NA,2888.31596181711,"martillo","perico","bonito",NA,NA,NA,NA,800,605,948,NA,NA,NA,NA,"K","K","K",NA,NA,NA,NA,2400,NA
1240,"Teresa de Jesus",NA,NA,"Salaverry",4,2015-01-29,2015-09-01,"manual","tiburon",NA,NA,"Salaverry",26,26,24.6062992125984,4.1010498687664,NA,NA,0,0,NA,NA,2623.703164073,"martillo","raya","perico",NA,NA,NA,NA,1500,100,315,NA,NA,NA,NA,"K","K","K",NA,NA,NA,NA,4100,4000
1241,"Don Nico",NA,NA,"Salaverry",4,2015-01-30,2015-02-08,"manual","tiburon",NA,NA,"Salaverry",22,22,31.7147856517935,3.82764654418198,20.32,3.82764654418198,0,0,NA,NA,2670.64577339031,"martillo","perico","bonito",NA,NA,NA,NA,1000,100,300,NA,NA,NA,NA,"K","K","K",NA,NA,NA,NA,2500,2700
1255,"Yorliana Yisary",NA,NA,"Salaverry",4,2015-01-04,2015-01-13,"manual","tollo",NA,NA,"Salaverry",35,35,32.8083989501312,4.37445319335083,20.32,NA,0,0,NA,NA,5023.15819446454,"tollo","manta","bonito",NA,NA,NA,NA,2000,800,1000,NA,NA,NA,NA,"K","K","K",NA,NA,NA,NA,6500,NA
1256,"Yorliana Yisary",NA,NA,"Salaverry",4,2015-01-17,2015-01-28,"manual","tollo",NA,NA,"Salaverry",35,35,32.8083989501312,4.37445319335083,20.32,NA,0,0,NA,NA,5023.15819446454,"perico","manta","martillo",NA,NA,NA,NA,50,20,121,NA,NA,NA,NA,"I","I","I",NA,NA,NA,NA,7000,NA
1257,"Yorliana Yisary",NA,NA,"Salaverry",4,2015-01-31,2015-02-10,"manual","tollo",NA,NA,"Salaverry",35,35,32.8083989501312,4.37445319335083,8,NA,0,0,NA,NA,5023.15819446454,"martillo","azul","perico",NA,NA,NA,NA,200,50,500,NA,NA,NA,NA,"K","K","K",NA,NA,NA,NA,5800,NA
1278,"Yorliana Yisary",NA,NA,"Salaverry",4,2015-02-26,2014-03-06,"manual","martillo",NA,NA,"Salaverry",29,29,32.8083989501312,NA,20.32,0,0,0,NA,NA,NA,"martillo","perico","bonito","azul","mantequero","zorro","mobula",3000,50,12,1,1,3,6,NA,NA,NA,NA,NA,NA,NA,6000,20000
1280,"Teresa de Jesus",NA,NA,"Salaverry",4,2015-02-14,2015-02-24,"manual","tollo",NA,NA,"Salaverry",26,26,24.6062992125984,4.1010498687664,20.32,4.1010498687664,0,0,NA,NA,2623.703164073,"cacho","zorro","perico","merlin","veca","borrauad","azul",210,1353,250,320,225,17,12,"K","K","K","K","K","K","K",4500,NA
1281,"Yorliana Yisary",NA,NA,"Salaverry",4,2015-02-13,2015-02-23,"manual","tollo",NA,NA,"Salaverry",30,30,32.8083989501312,4.37445319335083,20.32,4.37445319335083,0,0,NA,NA,4305.56416668389,"zorro","perico","barracuda","manta",NA,NA,NA,2000,500,200,100,NA,NA,NA,"K","K","K","K",NA,NA,NA,6800,14200
1282,NA,NA,NA,"Salaverry",4,2015-03-03,2015-03-12,"manual","tiburon",NA,NA,"Salaverry",24,24,31.7147856517935,NA,20.32,NA,0,0,NA,NA,NA,"martillo","perico","vela",NA,NA,NA,NA,800,180,120,NA,NA,NA,NA,"K","K","K",NA,NA,NA,NA,2800,2400
1283,"Teresa de Jesus",NA,NA,"Salaverry",4,2015-02-28,2015-03-12,"manual","tiburon",NA,NA,"Salaverry",26,26,24.6062992125984,3.82764654418198,20.32,3.82764654418198,0,0,NA,NA,2448.78961980146,"martillo","perico","raya","vela","merlin",NA,NA,710,855,185,670,120,NA,NA,"K","K","K","K","K",NA,NA,4850,NA
1284,"Yorliana Yisary",NA,NA,"Salaverry",4,2015-03-12,2015-03-18,"manual","tiburon",NA,NA,"Salaverry",30,30,32.8083989501312,4.37445319335083,20.32,4.37445319335083,0,0,NA,NA,4305.56416668389,"martillo","bonito","raya",NA,NA,NA,NA,2500,900,900,NA,NA,NA,NA,"K","K","K",NA,NA,NA,NA,7000,16000
1290,"Don Nico",NA,NA,"Salaverry",4,2015-02-14,2015-02-23,"manual","tiburon",NA,NA,"Salaverry",22,22,31.7147856517935,3.82764654418198,20.32,NA,0,0,NA,NA,2670.64577339031,"martillo","zorro","perico","vela",NA,NA,NA,NA,NA,NA,NA,NA,NA,NA,NA,NA,NA,NA,NA,NA,NA,2600,3000
1291,"Don Nico",NA,NA,"Salaverry",4,2015-03-19,2015-03-09,"manual","tiburon",NA,NA,"Salaverry",24,24,31.7147856517935,4.1010498687664,20.32,4.37445319335083,0,0,NA,NA,3121.53402084582,"perico","martillo","azul","zorro",NA,NA,NA,500,350,60,200,NA,NA,NA,"K","K","K","K",NA,NA,NA,2650,NA
1292,"Teresa de Jesus",NA,NA,"Salaverry",4,2015-03-20,2015-03-31,"manual","tiburon",NA,NA,"Salaverry",27,27,24.6062992125984,4.1010498687664,20.32,NA,0,0,NA,NA,2724.61482422965,"perico","cacho","vela","merlin","barracuda","raya",NA,960,250,103,105,10,450,NA,"K","K","K","K","K","K",NA,4450,NA
1293,"Yorliana Yisary",NA,NA,"Salaverry",4,2015-03-23,2015-04-02,"manual","tiburon",NA,NA,"Salaverry",30,30,32.8083989501312,4.37445319335083,20.32,4.37445319335083,0,0,NA,NA,4305.56416668389,"martillo","perico","azul","merlin","barracuda",NA,NA,700,400,20,220,20,NA,NA,"K","K","K","K","K",NA,NA,6500,7000
1304,"Teresa de Jesus",NA,NA,"Salaverry",4,2015-04-07,2015-04-14,"manual","tollo",NA,NA,NA,31,31,24.6062992125984,4.1010498687664,20.32,NA,0,0,NA,NA,3128.26146485626,"perico","cacho","merlin","vela","barracuda","zorro",NA,415,210,305,120,22,1670,NA,"K","K","K","K","K","K",NA,4480,NA
1305,"Yorliana Yisary",NA,NA,"Salaverry",4,2015-04-09,2015-04-19,"manual","tollo",NA,NA,"Salaverry",40,30,32.8083989501312,4.37445319335083,20.32,NA,10,60,NA,NA,5740.75222224519,"perico","manta","vela","merlin","barracuda","zorro",NA,400,300,1120,788,180,1500,NA,"K","K","K","K","K","K",NA,7300,12000
1306,"Teresa de Jesus",NA,NA,"Salaverry",4,2015-04-21,2015-05-03,"manual","tollo",NA,NA,"Salaverry",30,30,24.6062992125984,4.1010498687664,20.32,4.1010498687664,0,0,NA,NA,3027.34980469961,"martillo","mobula","perico","bonito","azul","vidrio","vela",2280,270,110,650,18,12,44,"K","K","K","K","K","K","K",5250,14000
1313,"Don Nico",NA,NA,"Salaverry",4,2015-04-07,2015-04-15,"manual","tiburon",NA,NA,"Salaverry",24,24,31.7147856517935,4.1010498687664,20.32,4.1010498687664,0,0,NA,NA,3121.53402084582,"zorro","cachito","perico","manta blanca",NA,NA,NA,800,400,480,250,NA,NA,NA,"K","K","K","K",NA,NA,NA,2450,4300
1314,"Don Nico",NA,NA,"Salaverry",4,2015-04-22,2015-05-03,"manual","tiburon",NA,NA,"Salaverry",24,24,31.7147856517935,4.1010498687664,20.32,4.1010498687664,0,0,NA,NA,3121.53402084582,"martillo","zorro","azul",NA,NA,NA,NA,1400,380,24,NA,NA,NA,NA,"K","K","K",NA,NA,NA,NA,2400,6000
1315,"Yorliana Yisary",NA,NA,"Salaverry",4,2015-04-23,2015-05-07,"manual","tiburon",NA,NA,"Salaverry",15,15,32.8083989501312,4.37445319335083,20.32,4.37445319335083,0,0,NA,NA,2152.78208334194,"zorro","azul","barracuda","perico","manta","tuno","martillo",1000,1000,100,100,500,100,400,"K","K","K","K","K","K","K",7500,15000
1318,"Don Nico",NA,NA,"Salaverry",3,2015-05-17,2015-05-18,"manual","tiburon",NA,NA,"Salaverry",24,24,31.7147856517935,4.1010498687664,20.32,4.1010498687664,0,0,NA,NA,3121.53402084582,NA,NA,NA,NA,NA,NA,NA,NA,NA,NA,NA,NA,NA,NA,"K",NA,NA,NA,NA,NA,NA,NA,NA
1319,"Don Nico",NA,NA,"Salaverry",3,2015-05-21,2015-05-27,"manual","tiburon",NA,NA,"Salaverry",24,24,31.7147856517935,4.1010498687664,22.86,4.1010498687664,0,0,NA,NA,3121.53402084582,"rara",NA,NA,NA,NA,NA,NA,1100,NA,NA,NA,NA,NA,NA,"K",NA,NA,NA,NA,NA,NA,NA,NA
1320,"Teresa de Jesus",NA,NA,"Salaverry",4,2015-05-08,2015-05-20,"manual","tiburon",NA,NA,"Salaverry",32,32,24.6062992125984,4.1010498687664,20.32,NA,0,0,NA,NA,3229.17312501292,"cacho","bonito","diamante","azul",NA,NA,NA,255,810,35,11,NA,NA,NA,"K","K","K","K",NA,NA,NA,3680,1600
1323,"Yorliana Yisary",NA,NA,"Salaverry",4,2015-05-16,2015-05-21,"manual","raya",NA,NA,"Salaverry",16,16,54.6806649168854,6.56167979002625,35.56,NA,0,0,NA,NA,5740.75222224519,"raya",NA,NA,NA,NA,NA,NA,1000,NA,NA,NA,NA,NA,NA,"K",NA,NA,NA,NA,NA,NA,1800,2000
1324,"Yorliana Yisary",NA,NA,"Salaverry",4,2015-02-16,2015-06-12,"manual","tiburon","raya",NA,"Salaverry",15,16,54.6806649168854,6.56167979002625,35.56,NA,0,0,NA,NA,5381.95520835486,"martillo","diamante","azul","manta",NA,NA,NA,700,38,220,1300,NA,NA,NA,"K","K","K","K",NA,NA,NA,4500,4300
1325,"Yorliana Yisary",NA,NA,"Salaverry",4,2015-05-21,2015-05-31,"manual","tiburon","manta",NA,"San Jose",30,15,32.8083989501312,2.73403324584427,10.16,NA,15,100,NA,NA,2690.97760417743,"tollo","manta",NA,NA,NA,NA,NA,1300,1000,NA,NA,NA,NA,NA,"K","K",NA,NA,NA,NA,NA,4000,10000
1328,"Teresa de Jesus",NA,NA,"Salaverry",4,2015-05-29,2015-10-05,"manual","tollo",NA,NA,"Salaverry",33,33,24.6062992125984,4.1010498687664,20.32,NA,0,0,NA,NA,3330.08478516957,"martillo","azul",NA,NA,NA,NA,NA,1315,17,NA,NA,NA,NA,NA,"K","K",NA,NA,NA,NA,NA,3950,7250
1339,"Don Nico",NA,NA,"Salaverry",4,2015-06-03,2015-06-11,"manual","tiburon",NA,NA,"Salaverry",24,24,31.7147856517935,4.1010498687664,NA,NA,0,0,NA,NA,3121.53402084582,"martillo",NA,NA,NA,NA,NA,NA,1200,NA,NA,NA,NA,NA,NA,"K",NA,NA,NA,NA,NA,NA,2350,3000
1340,"Yorliana Yisary",NA,NA,"Salaverry",4,2015-06-18,2015-06-27,"manual","martillo",NA,NA,"Salaverry",15,15,32.8083989501312,4.37445319335083,20.32,4.37445319335083,0,0,NA,NA,2152.78208334194,"martillo",NA,NA,NA,NA,NA,NA,NA,NA,NA,NA,NA,NA,NA,NA,NA,NA,NA,NA,NA,NA,6500,14000
1341,"Teresa de Jesus",NA,NA,"Salaverry",4,2015-06-18,2015-06-27,"manual","martillo",NA,NA,"Salaverry",32,32,24.6062992125984,4.1010498687664,20.32,4.1010498687664,0,0,NA,NA,3229.17312501292,"martillo",NA,NA,NA,NA,NA,NA,587,NA,NA,NA,NA,NA,NA,"K",NA,NA,NA,NA,NA,NA,3890,500
1347,"Yorliana Yisary",NA,NA,"Salaverry",4,2015-07-05,2015-07-16,"manual","martillo","manta",NA,"Salaverry",30,30,32.8083989501312,4.37445319335083,20.32,4.37445319335083,0,0,NA,NA,4305.56416668389,"martillo","manta",NA,NA,NA,NA,NA,650,1200,NA,NA,NA,NA,NA,"K","K",NA,NA,NA,NA,NA,7000,3000
1351,"Teresa de Jesus",NA,NA,"Salaverry",4,2015-07-21,2015-07-31,"manual","tiburon",NA,NA,"Salaverry",30,14,24.6062992125984,4.1010498687664,20.32,NA,16,45,NA,NA,3027.34980469961,"martillo","azul","raya","vidrio","manta",NA,NA,470,97,488,15,21,NA,NA,"K","K","K","K","K",NA,NA,4150,3220
1359,"Teresa de Jesus",NA,NA,"Salaverry",4,2015-08-08,2015-08-18,"manual","tiburon","raya",NA,"Salaverry",30,14,24.6062992125984,4.1010498687664,20.32,NA,16,45,NA,NA,3027.34980469961,"martillo","vidrio","cazon","raya","azul",NA,NA,108.5,90,25,60,32,NA,NA,"I","I","I","I","I",NA,NA,3250,NA
1371,"Yorliana Yisary",NA,NA,"Salaverry",5,2015-08-24,2015-09-11,"manual","pota",NA,NA,"Salaverry",30,30,60,NA,NA,NA,0,0,NA,NA,NA,"azul","diamante","mobula","perico",NA,NA,NA,105,6,1,63,NA,NA,NA,"K","K","K","K",NA,NA,NA,10000,NA
1372,"Hyrkris",NA,NA,"Salaverry",4,2015-09-12,2015-09-20,"manual","tiburon","raya",NA,"Salaverry",34,34,32.8083989501312,4.37445319335083,19.05,4.37445319335083,0,0,NA,NA,4879.63938890841,"martillo","raya aguila","mobula japanica","mantequero","vidrio","azul","zorro",35,593,30,58,75,50,22,"K","K","K","K","K","K","K",2200,3400
1376,"Teresa de Jesus",NA,NA,"Salaverry",4,2015-09-24,2015-09-02,"manual","tiburon",NA,NA,"Salaverry",28,28,24.6062992125984,4.1010498687664,20.32,4.1010498687664,0,0,NA,NA,2825.5264843863,"tollo",NA,NA,NA,NA,NA,NA,NA,NA,NA,NA,NA,NA,NA,NA,NA,NA,NA,NA,NA,NA,4705,NA
1377,"Hyrkris",NA,NA,"Salaverry",4,2015-09-26,2015-10-06,"manual","tiburon",NA,NA,"Salaverry",33,33,30.6211723534558,4.1010498687664,20.32,4.1010498687664,0,0,NA,NA,4144.10551043324,"martillo","manta blanca. Japanica","manta negra","perico","azul",NA,NA,1480,450,200,85,60,NA,NA,NA,NA,NA,NA,NA,NA,NA,3000,8900
1379,"Hyrkris",NA,NA,"Salaverry",4,2015-10-12,2015-10-19,"manual","tiburon",NA,NA,"Salaverry",34,34,32.8083989501312,4.37445319335083,19.05,4.37445319335083,0,0,NA,NA,4879.63938890841,"martillo","azul","mobula japanica","mobula","raya aguila",NA,NA,44,5,4,1,65,NA,NA,NA,NA,NA,NA,NA,NA,NA,2200,0
1380,"Teresa de Jesus",NA,NA,"Salaverry",4,2015-10-08,2015-10-19,"manual","tiburon",NA,NA,"Salaverry",30,30,24.6062992125984,4.1010498687664,20.32,4.1010498687664,0,0,NA,NA,3027.34980469961,"martillo","azul","vela","zorro",NA,NA,NA,413,148,35,30,NA,NA,NA,"K","K","K","K",NA,NA,NA,3450,1500
1407,"Teresa de Jesus",NA,NA,"Salaverry",4,2015-10-24,2015-11-04,"manual","tiburon",NA,NA,"Zorritos",30,30,24.6062992125984,4.1010498687664,20.32,NA,0,0,NA,NA,3027.34980469961,"martillo","zorro","azul",NA,NA,NA,NA,680,755,170,NA,NA,NA,NA,"K","K","K",NA,NA,NA,NA,4250,NA
1408,"Hyrkris",NA,NA,"Salaverry",4,2015-11-10,2015-11-19,"manual","azul","diamante","zorro","Salaverry",34,34,30.6211723534558,4.1010498687664,20.32,4.37445319335083,0,0,NA,NA,4269.68446529486,"zorro","diamante","azul","perico",NA,NA,NA,1750,110,90,45,NA,NA,NA,"K","K","K","K",NA,NA,NA,2500,1800
1409,"Hyrkris",NA,NA,"Salaverry",4,2015-10-24,2015-11-02,"manual","tiburon",NA,NA,"Salaverry",34,34,30.6211723534558,4.1010498687664,20.32,4.1010498687664,0,0,NA,NA,4269.68446529486,"martillo","azul","zorro","manta",NA,NA,NA,800,130,987,650,NA,NA,NA,"K","K","K","K",NA,NA,NA,2500,7500
1427,"Teresa de Jesus",NA,NA,"Salaverry",4,2015-11-10,2015-11-22,"manual","tiburon",NA,NA,"Salaverry",33,33,24.6062992125984,4.1010498687664,20.32,NA,0,0,NA,NA,3330.08478516957,"martillo","azul","diamante","vidrio",NA,NA,NA,746,260,116,11,NA,NA,NA,"K","K","K","K",NA,NA,NA,4150,3100
1428,"Hyrkris",NA,NA,"Salaverry",4,2015-11-26,2015-12-03,"manual","tiburon",NA,NA,"Salaverry",34,34,31.7147856517935,4.1010498687664,20.32,4.37445319335083,0,0,NA,NA,4422.17319619824,"martillo grande","martillo bebe","raya aguila","manta o mobula","azul","diamante",NA,900,115,400,350,120,90,NA,"K","K","K","K","K","K",NA,2500,8000
1429,"Teresa de Jesus",NA,NA,"Salaverry",4,2015-11-26,2015-12-04,"manual","tiburon",NA,NA,"Salaverry",33,33,24.6062992125984,4.1010498687664,20.32,4.1010498687664,0,0,NA,NA,3330.08478516957,"martillo","azul","bonito",NA,NA,NA,NA,1408,100,249,NA,NA,NA,NA,"K","K","K",NA,NA,NA,NA,3665,3550
1430,"Hyrkris",NA,NA,"Salaverry",4,2015-12-11,2015-12-20,"manual","tiburon",NA,NA,"Salaverry",34,34,31.7147856517935,4.1010498687664,20.32,4.1010498687664,0,0,NA,NA,4422.17319619824,"zorro","martillo","perico","manta","azul","diamante",NA,850,196,600,20,250,140,NA,"K","K","K","K","K","K",NA,2400,6500
1431,"Yorliana Yisary",NA,NA,"Salaverry",4,2015-11-02,2015-11-17,"manual","tiburon",NA,NA,"Yacila-Paita",30,30,32.8083989501312,4.37445319335083,20.32,4.37445319335083,0,0,NA,NA,4305.56416668389,"azul","martillo","merlin",NA,NA,NA,NA,NA,NA,NA,NA,NA,NA,NA,NA,NA,NA,NA,NA,NA,NA,9500,12000
1432,"Yorliana Yisary",NA,NA,"Salaverry",4,2015-12-07,2015-12-21,"manual","tiburon",NA,NA,"Parachique",30,30,32.8083989501312,4.37445319335083,20.32,4.37445319335083,0,0,NA,NA,4305.56416668389,"zorro","azul","martillo","merlin","vela","espada","barracuda",NA,NA,NA,NA,NA,NA,NA,NA,NA,NA,NA,NA,NA,NA,10000,13000
1440,"Teresa de Jesus",NA,NA,"Salaverry",4,2015-12-11,2015-12-20,"manual","tollo",NA,NA,"Salaverry",33,33,24.6062992125984,4.1010498687664,20.32,NA,0,0,NA,NA,3330.08478516957,"zorro","perico","vela","cacho","barracuda",NA,NA,2185,555,189,56,26,NA,NA,"K","K","K","K","K",NA,NA,3965,3150
1441,"Teresa de Jesus",NA,NA,"Salaverry",4,2015-12-27,2016-01-04,"manual","tollo",NA,NA,"Salaverry",33,33,24.6062992125984,4.1010498687664,20.32,NA,0,0,NA,NA,3330.08478516957,"perico","cacho","pardo","azul",NA,NA,NA,1010,250,21,15,NA,NA,NA,"K","K","K","K",NA,NA,NA,3250,1900
1442,"Hyrkis",NA,NA,"Salaverry",4,2016-01-18,2016-01-24,"manual","tiburon",NA,NA,"Salaverry",25,25,32.8083989501312,2.18722659667542,20.32,NA,0,0,NA,NA,1793.98506945162,"zorro","perico","vela","merlin","martillo",NA,NA,37,65,7,1,1,NA,NA,"K","K","K","K","K",NA,NA,4500,17000
1445,"Teresa de Jesus",NA,NA,"Salaverry",4,2016-02-28,2016-02-06,"manual","tollo",NA,NA,"Salaverry",33,33,36.6360454943132,6.83508311461067,20.32,NA,0,0,NA,NA,8263.54372616153,"zorro","perico","cacho",NA,NA,NA,NA,1200,700,120,NA,NA,NA,NA,"K","K","K",NA,NA,NA,NA,5900,NA
1446,"Teresa de Jesus",NA,NA,"Salaverry",4,2016-01-10,2016-01-20,"manual","tollo",NA,NA,"Salaverry",33,33,36.6360454943132,6.83508311461067,20.32,NA,0,0,NA,NA,8263.54372616153,"zorro","perico","cacho","barracuda",NA,NA,NA,1800,700,50,21,NA,NA,NA,"K","K","K","K",NA,NA,NA,5400,NA
1493,"Teresa de jesus",NA,NA,"Salaverry",4,2016-04-12,2016-04-23,"manual","tiburon",NA,NA,"Salaverry",35,35,24.6062992125984,4.1010498687664,20.32,NA,0,0,NA,NA,3531.90810548288,"raya","martillo","perico",NA,NA,NA,NA,710,952,70,NA,NA,NA,NA,"K","K","K",NA,NA,NA,NA,NA,4850
1497,"teresa de jesus",NA,NA,"Salaverry",4,2016-05-01,2016-05-13,"manual","tiburon",NA,NA,"Salaverry",35,35,24.6062992125984,4.1010498687664,20.32,NA,0,0,NA,NA,3531.90810548288,"martillo","azul","perico","barracuda",NA,NA,NA,680,450,280,175,NA,NA,NA,"K","K","K","K",NA,NA,NA,NA,5250
1498,"Teresa de jesus",NA,NA,"Salaverry",4,2016-05-20,2016-05-31,"manual","tiburon",NA,NA,"Salaverry",35,35,24.6062992125984,4.1010498687664,20.32,NA,0,0,NA,NA,3531.90810548288,"martillo","perico","barracuda","zorro",NA,NA,NA,950,210,51,255,NA,NA,NA,"K","K","K","K",NA,NA,NA,5250,NA
1517,"Don Nico",NA,NA,"Salaverry",4,2016-06-07,2016-06-16,"manual","tiburon",NA,NA,"Salaverry",26,26,31.7147856517935,4.1010498687664,22.86,NA,0,0,NA,NA,3381.6618559163,"martillo","raya","barracuda",NA,NA,NA,NA,1400,280,76,NA,NA,NA,NA,"K","K","K",NA,NA,NA,NA,2600,12000
1518,"Teresa de Jesus",NA,NA,"Salaverry",4,2016-06-07,2016-06-15,"manual","tiburon",NA,NA,"Salaverry",35,35,24.6062992125984,4.1010498687664,20.32,NA,0,0,NA,NA,3531.90810548288,"martillo","azul",NA,NA,NA,NA,NA,1500,145,NA,NA,NA,NA,NA,"K","K",NA,NA,NA,NA,NA,6250,NA
1519,"Teresa de jesus",NA,NA,"Salaverry",5,2016-06-20,2016-07-03,"manual","tiburon",NA,NA,"Salaverry",35,35,24.6062992125984,4.1010498687664,20.32,NA,0,0,NA,NA,3531.90810548288,"azul","martillo","vidrio","lorna",NA,NA,NA,187,362,45,778,NA,NA,NA,"K","K","K","K",NA,NA,NA,5550,NA
1535,"Don Nico",NA,NA,"Salaverry",4,2016-07-03,2016-07-08,"manual","tiburon",NA,NA,"Salaverry",25,25,29.5275590551181,4.1010498687664,20.32,4.1010498687664,0,0,NA,NA,3027.34980469961,"martillo","raya",NA,NA,NA,NA,NA,150,43,NA,NA,NA,NA,NA,"K","K",NA,NA,NA,NA,NA,2300,2980
1536,"Don Nico",NA,NA,"Salaverry",4,2016-07-11,2016-07-20,"manual","tiburon",NA,NA,"Salaverry",25,25,29.5275590551181,4.1010498687664,20.32,4.1010498687664,0,0,NA,NA,3027.34980469961,"martillo","azul","diamante","zorro",NA,NA,NA,77,108,48,165,NA,NA,NA,"K","K","K","K",NA,NA,NA,2250,3250
1543,"Don Nico",NA,NA,"Salaverry",4,2016-07-28,2016-08-08,"manual","tiburon",NA,NA,"Salaverry",26,26,31.7147856517935,4.26509196795713,22.86,NA,0,0,NA,NA,3516.92841627261,"azul","martillo","diamante","perico","raya",NA,NA,260,37,22,75,110,NA,NA,"K","K","K","K","K",NA,NA,2100,1150
1544,"Don Nico",NA,NA,"Salaverry",3,2016-08-13,2016-08-24,"manual","tiburon",NA,NA,"Salaverry",26,26,31.7147856517935,4.1010498687664,22.86,NA,0,0,NA,NA,3381.6618559163,"martillo","diamante","azul",NA,NA,NA,NA,460,43,280,NA,NA,NA,NA,"K","K","K",NA,NA,NA,NA,2100,2160
264,"Esperanza",NA,NA,"Supe",4,2006-07-21,2006-07-29,"red","martillo",NA,NA,"Salaverry",19,NA,27.3403324584427,3.82764654418198,20.32,NA,NA,NA,NA,NA,1988.33345197555,"martillo","zorro","raya",NA,NA,NA,NA,121,1,16,NA,NA,NA,NA,"I","I","I",NA,NA,NA,NA,NA,NA
564,"Juan marcos",NA,NA,"Paita",4,2010-06-08,2010-06-14,"cortina","tollo",NA,NA,"Salaverry",20,NA,27.3403324584427,4.37445319335083,25.4,4.1010498687664,NA,NA,NA,NA,2391.98009260216,"martillo","zorro",NA,NA,NA,NA,NA,610,315,NA,NA,NA,NA,NA,"K","K",NA,NA,NA,NA,NA,2155,4208
1433,"Yorliana Yisary",NA,NA,"Parachique",4,2015-11-21,2015-12-04,NA,"tiburon",NA,NA,"Parachique",30,30,32.8083989501312,4.37445319335083,20.32,4.37445319335083,0,0,NA,NA,4305.56416668389,"zorro","perico","martillo","merlin",NA,NA,NA,NA,NA,NA,NA,NA,NA,NA,NA,NA,NA,NA,NA,NA,NA,8800,13000
